value,j_day,pred,pred_subcategory
-0,1,temp,NA
-0,2,temp,NA
-0,3,temp,NA
-0,4,temp,NA
-0,5,temp,NA
-0,6,temp,NA
-0,7,temp,NA
-0,8,temp,NA
-0,9,temp,NA
-0,10,temp,NA
-0,11,temp,NA
-0,12,temp,NA
-0,13,temp,NA
-0,14,temp,NA
-0,15,temp,NA
-0,16,temp,NA
-0,17,temp,NA
-0,18,temp,NA
-0,19,temp,NA
-0,20,temp,NA
-0,21,temp,NA
-0,22,temp,NA
-0,23,temp,NA
-0,24,temp,NA
-0,25,temp,NA
-0,26,temp,NA
-0,27,temp,NA
-0,28,temp,NA
-0,29,temp,NA
-0,30,temp,NA
-0,31,temp,NA
-0,32,temp,NA
-0,33,temp,NA
-0,34,temp,NA
-0,35,temp,NA
-0,36,temp,NA
-0,37,temp,NA
-0,38,temp,NA
-0,39,temp,NA
-0,40,temp,NA
-0,41,temp,NA
-0,42,temp,NA
-0,43,temp,NA
-0,44,temp,NA
-0,45,temp,NA
-0,46,temp,NA
-0,47,temp,NA
-0,48,temp,NA
-0,49,temp,NA
-0,50,temp,NA
-0,51,temp,NA
-0,52,temp,NA
-0,53,temp,NA
-0,54,temp,NA
-0,55,temp,NA
-0,56,temp,NA
-0,57,temp,NA
-0,58,temp,NA
-0,59,temp,NA
0.26,60,temp,NA
0.26,61,temp,NA
0.26,62,temp,NA
0.26,63,temp,NA
0.26,64,temp,NA
0.26,65,temp,NA
0.26,66,temp,NA
0.26,67,temp,NA
0.26,68,temp,NA
0.26,69,temp,NA
0.26,70,temp,NA
0.26,71,temp,NA
0.26,72,temp,NA
0.26,73,temp,NA
0.26,74,temp,NA
0.26,75,temp,NA
0.26,76,temp,NA
0.26,77,temp,NA
0.26,78,temp,NA
0.26,79,temp,NA
0.26,80,temp,NA
0.26,81,temp,NA
0.26,82,temp,NA
0.26,83,temp,NA
0.26,84,temp,NA
0.26,85,temp,NA
0.26,86,temp,NA
0.26,87,temp,NA
0.26,88,temp,NA
0.26,89,temp,NA
0.26,90,temp,NA
6.23,91,temp,NA
6.23,92,temp,NA
6.23,93,temp,NA
6.23,94,temp,NA
6.23,95,temp,NA
6.23,96,temp,NA
6.23,97,temp,NA
6.23,98,temp,NA
6.23,99,temp,NA
6.23,100,temp,NA
6.23,101,temp,NA
6.23,102,temp,NA
6.23,103,temp,NA
6.23,104,temp,NA
6.23,105,temp,NA
6.23,106,temp,NA
6.23,107,temp,NA
6.23,108,temp,NA
6.23,109,temp,NA
6.23,110,temp,NA
6.23,111,temp,NA
6.23,112,temp,NA
6.23,113,temp,NA
6.23,114,temp,NA
6.23,115,temp,NA
6.23,116,temp,NA
6.23,117,temp,NA
6.23,118,temp,NA
6.23,119,temp,NA
6.23,120,temp,NA
12.54,121,temp,NA
12.54,122,temp,NA
12.54,123,temp,NA
12.54,124,temp,NA
12.54,125,temp,NA
12.54,126,temp,NA
12.54,127,temp,NA
12.54,128,temp,NA
12.54,129,temp,NA
12.54,130,temp,NA
12.54,131,temp,NA
12.54,132,temp,NA
12.54,133,temp,NA
12.54,134,temp,NA
12.54,135,temp,NA
12.54,136,temp,NA
12.54,137,temp,NA
12.54,138,temp,NA
12.54,139,temp,NA
12.54,140,temp,NA
12.54,141,temp,NA
12.54,142,temp,NA
12.54,143,temp,NA
12.54,144,temp,NA
12.54,145,temp,NA
12.54,146,temp,NA
12.54,147,temp,NA
12.54,148,temp,NA
12.54,149,temp,NA
12.54,150,temp,NA
12.54,151,temp,NA
17.72,152,temp,NA
17.72,153,temp,NA
17.72,154,temp,NA
17.72,155,temp,NA
17.72,156,temp,NA
17.72,157,temp,NA
17.72,158,temp,NA
17.72,159,temp,NA
17.72,160,temp,NA
17.72,161,temp,NA
17.72,162,temp,NA
17.72,163,temp,NA
17.72,164,temp,NA
17.72,165,temp,NA
17.72,166,temp,NA
17.72,167,temp,NA
17.72,168,temp,NA
17.72,169,temp,NA
17.72,170,temp,NA
17.72,171,temp,NA
17.72,172,temp,NA
17.72,173,temp,NA
17.72,174,temp,NA
17.72,175,temp,NA
17.72,176,temp,NA
17.72,177,temp,NA
17.72,178,temp,NA
17.72,179,temp,NA
17.72,180,temp,NA
17.72,181,temp,NA
20.79,182,temp,NA
20.79,183,temp,NA
20.79,184,temp,NA
20.79,185,temp,NA
20.79,186,temp,NA
20.79,187,temp,NA
20.79,188,temp,NA
20.79,189,temp,NA
20.79,190,temp,NA
20.79,191,temp,NA
20.79,192,temp,NA
20.79,193,temp,NA
20.79,194,temp,NA
20.79,195,temp,NA
20.79,196,temp,NA
20.79,197,temp,NA
20.79,198,temp,NA
20.79,199,temp,NA
20.79,200,temp,NA
20.79,201,temp,NA
20.79,202,temp,NA
20.79,203,temp,NA
20.79,204,temp,NA
20.79,205,temp,NA
20.79,206,temp,NA
20.79,207,temp,NA
20.79,208,temp,NA
20.79,209,temp,NA
20.79,210,temp,NA
20.79,211,temp,NA
20.79,212,temp,NA
20.09,213,temp,NA
20.09,214,temp,NA
20.09,215,temp,NA
20.09,216,temp,NA
20.09,217,temp,NA
20.09,218,temp,NA
20.09,219,temp,NA
20.09,220,temp,NA
20.09,221,temp,NA
20.09,222,temp,NA
20.09,223,temp,NA
20.09,224,temp,NA
20.09,225,temp,NA
20.09,226,temp,NA
20.09,227,temp,NA
20.09,228,temp,NA
20.09,229,temp,NA
20.09,230,temp,NA
20.09,231,temp,NA
20.09,232,temp,NA
20.09,233,temp,NA
20.09,234,temp,NA
20.09,235,temp,NA
20.09,236,temp,NA
20.09,237,temp,NA
20.09,238,temp,NA
20.09,239,temp,NA
20.09,240,temp,NA
20.09,241,temp,NA
20.09,242,temp,NA
20.09,243,temp,NA
16.23,244,temp,NA
16.23,245,temp,NA
16.23,246,temp,NA
16.23,247,temp,NA
16.23,248,temp,NA
16.23,249,temp,NA
16.23,250,temp,NA
16.23,251,temp,NA
16.23,252,temp,NA
16.23,253,temp,NA
16.23,254,temp,NA
16.23,255,temp,NA
16.23,256,temp,NA
16.23,257,temp,NA
16.23,258,temp,NA
16.23,259,temp,NA
16.23,260,temp,NA
16.23,261,temp,NA
16.23,262,temp,NA
16.23,263,temp,NA
16.23,264,temp,NA
16.23,265,temp,NA
16.23,266,temp,NA
16.23,267,temp,NA
16.23,268,temp,NA
16.23,269,temp,NA
16.23,270,temp,NA
16.23,271,temp,NA
16.23,272,temp,NA
16.23,273,temp,NA
9.82,274,temp,NA
9.82,275,temp,NA
9.82,276,temp,NA
9.82,277,temp,NA
9.82,278,temp,NA
9.82,279,temp,NA
9.82,280,temp,NA
9.82,281,temp,NA
9.82,282,temp,NA
9.82,283,temp,NA
9.82,284,temp,NA
9.82,285,temp,NA
9.82,286,temp,NA
9.82,287,temp,NA
9.82,288,temp,NA
9.82,289,temp,NA
9.82,290,temp,NA
9.82,291,temp,NA
9.82,292,temp,NA
9.82,293,temp,NA
9.82,294,temp,NA
9.82,295,temp,NA
9.82,296,temp,NA
9.82,297,temp,NA
9.82,298,temp,NA
9.82,299,temp,NA
9.82,300,temp,NA
9.82,301,temp,NA
9.82,302,temp,NA
9.82,303,temp,NA
9.82,304,temp,NA
4.21,305,temp,NA
4.21,306,temp,NA
4.21,307,temp,NA
4.21,308,temp,NA
4.21,309,temp,NA
4.21,310,temp,NA
4.21,311,temp,NA
4.21,312,temp,NA
4.21,313,temp,NA
4.21,314,temp,NA
4.21,315,temp,NA
4.21,316,temp,NA
4.21,317,temp,NA
4.21,318,temp,NA
4.21,319,temp,NA
4.21,320,temp,NA
4.21,321,temp,NA
4.21,322,temp,NA
4.21,323,temp,NA
4.21,324,temp,NA
4.21,325,temp,NA
4.21,326,temp,NA
4.21,327,temp,NA
4.21,328,temp,NA
4.21,329,temp,NA
4.21,330,temp,NA
4.21,331,temp,NA
4.21,332,temp,NA
4.21,333,temp,NA
4.21,334,temp,NA
-0,335,temp,NA
-0,336,temp,NA
-0,337,temp,NA
-0,338,temp,NA
-0,339,temp,NA
-0,340,temp,NA
-0,341,temp,NA
-0,342,temp,NA
-0,343,temp,NA
-0,344,temp,NA
-0,345,temp,NA
-0,346,temp,NA
-0,347,temp,NA
-0,348,temp,NA
-0,349,temp,NA
-0,350,temp,NA
-0,351,temp,NA
-0,352,temp,NA
-0,353,temp,NA
-0,354,temp,NA
-0,355,temp,NA
-0,356,temp,NA
-0,357,temp,NA
-0,358,temp,NA
-0,359,temp,NA
-0,360,temp,NA
-0,361,temp,NA
-0,362,temp,NA
-0,363,temp,NA
-0,364,temp,NA
-0,365,temp,NA
-0,366,temp,NA
-0,367,temp,NA
-0,368,temp,NA
-0,369,temp,NA
-0,370,temp,NA
-0,371,temp,NA
-0,372,temp,NA
-0,373,temp,NA
-0,374,temp,NA
-0,375,temp,NA
-0,376,temp,NA
-0,377,temp,NA
-0,378,temp,NA
-0,379,temp,NA
-0,380,temp,NA
-0,381,temp,NA
-0,382,temp,NA
-0,383,temp,NA
-0,384,temp,NA
-0,385,temp,NA
-0,386,temp,NA
-0,387,temp,NA
-0,388,temp,NA
-0,389,temp,NA
-0,390,temp,NA
-0,391,temp,NA
-0,392,temp,NA
-0,393,temp,NA
-0,394,temp,NA
-0,395,temp,NA
-0,396,temp,NA
-0,397,temp,NA
-0,398,temp,NA
-0,399,temp,NA
-0,400,temp,NA
-0,401,temp,NA
-0,402,temp,NA
-0,403,temp,NA
-0,404,temp,NA
-0,405,temp,NA
-0,406,temp,NA
-0,407,temp,NA
-0,408,temp,NA
-0,409,temp,NA
-0,410,temp,NA
-0,411,temp,NA
-0,412,temp,NA
-0,413,temp,NA
-0,414,temp,NA
-0,415,temp,NA
-0,416,temp,NA
-0,417,temp,NA
-0,418,temp,NA
-0,419,temp,NA
-0,420,temp,NA
-0,421,temp,NA
-0,422,temp,NA
-0,423,temp,NA
-0,424,temp,NA
0.26,425,temp,NA
0.26,426,temp,NA
0.26,427,temp,NA
0.26,428,temp,NA
0.26,429,temp,NA
0.26,430,temp,NA
0.26,431,temp,NA
0.26,432,temp,NA
0.26,433,temp,NA
0.26,434,temp,NA
0.26,435,temp,NA
0.26,436,temp,NA
0.26,437,temp,NA
0.26,438,temp,NA
0.26,439,temp,NA
0.26,440,temp,NA
0.26,441,temp,NA
0.26,442,temp,NA
0.26,443,temp,NA
0.26,444,temp,NA
0.26,445,temp,NA
0.26,446,temp,NA
0.26,447,temp,NA
0.26,448,temp,NA
0.26,449,temp,NA
0.26,450,temp,NA
0.26,451,temp,NA
0.26,452,temp,NA
0.26,453,temp,NA
0.26,454,temp,NA
0.26,455,temp,NA
6.23,456,temp,NA
6.23,457,temp,NA
6.23,458,temp,NA
6.23,459,temp,NA
6.23,460,temp,NA
6.23,461,temp,NA
6.23,462,temp,NA
6.23,463,temp,NA
6.23,464,temp,NA
6.23,465,temp,NA
6.23,466,temp,NA
6.23,467,temp,NA
6.23,468,temp,NA
6.23,469,temp,NA
6.23,470,temp,NA
6.23,471,temp,NA
6.23,472,temp,NA
6.23,473,temp,NA
6.23,474,temp,NA
6.23,475,temp,NA
6.23,476,temp,NA
6.23,477,temp,NA
6.23,478,temp,NA
6.23,479,temp,NA
6.23,480,temp,NA
6.23,481,temp,NA
6.23,482,temp,NA
6.23,483,temp,NA
6.23,484,temp,NA
6.23,485,temp,NA
12.54,486,temp,NA
12.54,487,temp,NA
12.54,488,temp,NA
12.54,489,temp,NA
12.54,490,temp,NA
12.54,491,temp,NA
12.54,492,temp,NA
12.54,493,temp,NA
12.54,494,temp,NA
12.54,495,temp,NA
12.54,496,temp,NA
12.54,497,temp,NA
12.54,498,temp,NA
12.54,499,temp,NA
12.54,500,temp,NA
12.54,501,temp,NA
12.54,502,temp,NA
12.54,503,temp,NA
12.54,504,temp,NA
12.54,505,temp,NA
12.54,506,temp,NA
12.54,507,temp,NA
12.54,508,temp,NA
12.54,509,temp,NA
12.54,510,temp,NA
12.54,511,temp,NA
12.54,512,temp,NA
12.54,513,temp,NA
12.54,514,temp,NA
12.54,515,temp,NA
12.54,516,temp,NA
17.72,517,temp,NA
17.72,518,temp,NA
17.72,519,temp,NA
17.72,520,temp,NA
17.72,521,temp,NA
17.72,522,temp,NA
17.72,523,temp,NA
17.72,524,temp,NA
17.72,525,temp,NA
17.72,526,temp,NA
17.72,527,temp,NA
17.72,528,temp,NA
17.72,529,temp,NA
17.72,530,temp,NA
17.72,531,temp,NA
17.72,532,temp,NA
17.72,533,temp,NA
17.72,534,temp,NA
17.72,535,temp,NA
17.72,536,temp,NA
17.72,537,temp,NA
17.72,538,temp,NA
17.72,539,temp,NA
17.72,540,temp,NA
17.72,541,temp,NA
17.72,542,temp,NA
17.72,543,temp,NA
17.72,544,temp,NA
17.72,545,temp,NA
17.72,546,temp,NA
20.79,547,temp,NA
20.79,548,temp,NA
20.79,549,temp,NA
20.79,550,temp,NA
20.79,551,temp,NA
20.79,552,temp,NA
20.79,553,temp,NA
20.79,554,temp,NA
20.79,555,temp,NA
20.79,556,temp,NA
20.79,557,temp,NA
20.79,558,temp,NA
20.79,559,temp,NA
20.79,560,temp,NA
20.79,561,temp,NA
20.79,562,temp,NA
20.79,563,temp,NA
20.79,564,temp,NA
20.79,565,temp,NA
20.79,566,temp,NA
20.79,567,temp,NA
20.79,568,temp,NA
20.79,569,temp,NA
20.79,570,temp,NA
20.79,571,temp,NA
20.79,572,temp,NA
20.79,573,temp,NA
20.79,574,temp,NA
20.79,575,temp,NA
20.79,576,temp,NA
20.79,577,temp,NA
20.09,578,temp,NA
20.09,579,temp,NA
20.09,580,temp,NA
20.09,581,temp,NA
20.09,582,temp,NA
20.09,583,temp,NA
20.09,584,temp,NA
20.09,585,temp,NA
20.09,586,temp,NA
20.09,587,temp,NA
20.09,588,temp,NA
20.09,589,temp,NA
20.09,590,temp,NA
20.09,591,temp,NA
20.09,592,temp,NA
20.09,593,temp,NA
20.09,594,temp,NA
20.09,595,temp,NA
20.09,596,temp,NA
20.09,597,temp,NA
20.09,598,temp,NA
20.09,599,temp,NA
20.09,600,temp,NA
20.09,601,temp,NA
20.09,602,temp,NA
20.09,603,temp,NA
20.09,604,temp,NA
20.09,605,temp,NA
20.09,606,temp,NA
20.09,607,temp,NA
20.09,608,temp,NA
16.23,609,temp,NA
16.23,610,temp,NA
16.23,611,temp,NA
16.23,612,temp,NA
16.23,613,temp,NA
16.23,614,temp,NA
16.23,615,temp,NA
16.23,616,temp,NA
16.23,617,temp,NA
16.23,618,temp,NA
16.23,619,temp,NA
16.23,620,temp,NA
16.23,621,temp,NA
16.23,622,temp,NA
16.23,623,temp,NA
16.23,624,temp,NA
16.23,625,temp,NA
16.23,626,temp,NA
16.23,627,temp,NA
16.23,628,temp,NA
16.23,629,temp,NA
16.23,630,temp,NA
16.23,631,temp,NA
16.23,632,temp,NA
16.23,633,temp,NA
16.23,634,temp,NA
16.23,635,temp,NA
16.23,636,temp,NA
16.23,637,temp,NA
16.23,638,temp,NA
9.82,639,temp,NA
9.82,640,temp,NA
9.82,641,temp,NA
9.82,642,temp,NA
9.82,643,temp,NA
9.82,644,temp,NA
9.82,645,temp,NA
9.82,646,temp,NA
9.82,647,temp,NA
9.82,648,temp,NA
9.82,649,temp,NA
9.82,650,temp,NA
9.82,651,temp,NA
9.82,652,temp,NA
9.82,653,temp,NA
9.82,654,temp,NA
9.82,655,temp,NA
9.82,656,temp,NA
9.82,657,temp,NA
9.82,658,temp,NA
9.82,659,temp,NA
9.82,660,temp,NA
9.82,661,temp,NA
9.82,662,temp,NA
9.82,663,temp,NA
9.82,664,temp,NA
9.82,665,temp,NA
9.82,666,temp,NA
9.82,667,temp,NA
9.82,668,temp,NA
9.82,669,temp,NA
4.21,670,temp,NA
4.21,671,temp,NA
4.21,672,temp,NA
4.21,673,temp,NA
4.21,674,temp,NA
4.21,675,temp,NA
4.21,676,temp,NA
4.21,677,temp,NA
4.21,678,temp,NA
4.21,679,temp,NA
4.21,680,temp,NA
4.21,681,temp,NA
4.21,682,temp,NA
4.21,683,temp,NA
4.21,684,temp,NA
4.21,685,temp,NA
4.21,686,temp,NA
4.21,687,temp,NA
4.21,688,temp,NA
4.21,689,temp,NA
4.21,690,temp,NA
4.21,691,temp,NA
4.21,692,temp,NA
4.21,693,temp,NA
4.21,694,temp,NA
4.21,695,temp,NA
4.21,696,temp,NA
4.21,697,temp,NA
4.21,698,temp,NA
4.21,699,temp,NA
-0,700,temp,NA
-0,701,temp,NA
-0,702,temp,NA
-0,703,temp,NA
-0,704,temp,NA
-0,705,temp,NA
-0,706,temp,NA
-0,707,temp,NA
-0,708,temp,NA
-0,709,temp,NA
-0,710,temp,NA
-0,711,temp,NA
-0,712,temp,NA
-0,713,temp,NA
-0,714,temp,NA
-0,715,temp,NA
-0,716,temp,NA
-0,717,temp,NA
-0,718,temp,NA
-0,719,temp,NA
-0,720,temp,NA
-0,721,temp,NA
-0,722,temp,NA
-0,723,temp,NA
-0,724,temp,NA
-0,725,temp,NA
-0,726,temp,NA
-0,727,temp,NA
-0,728,temp,NA
-0,729,temp,NA
-0,730,temp,NA
-0,731,temp,NA
-0,732,temp,NA
-0,733,temp,NA
-0,734,temp,NA
-0,735,temp,NA
-0,736,temp,NA
-0,737,temp,NA
-0,738,temp,NA
-0,739,temp,NA
-0,740,temp,NA
-0,741,temp,NA
-0,742,temp,NA
-0,743,temp,NA
-0,744,temp,NA
-0,745,temp,NA
-0,746,temp,NA
-0,747,temp,NA
-0,748,temp,NA
-0,749,temp,NA
-0,750,temp,NA
-0,751,temp,NA
-0,752,temp,NA
-0,753,temp,NA
-0,754,temp,NA
-0,755,temp,NA
-0,756,temp,NA
-0,757,temp,NA
-0,758,temp,NA
-0,759,temp,NA
-0,760,temp,NA
-0,761,temp,NA
-0,762,temp,NA
-0,763,temp,NA
-0,764,temp,NA
-0,765,temp,NA
-0,766,temp,NA
-0,767,temp,NA
-0,768,temp,NA
-0,769,temp,NA
-0,770,temp,NA
-0,771,temp,NA
-0,772,temp,NA
-0,773,temp,NA
-0,774,temp,NA
-0,775,temp,NA
-0,776,temp,NA
-0,777,temp,NA
-0,778,temp,NA
-0,779,temp,NA
-0,780,temp,NA
-0,781,temp,NA
-0,782,temp,NA
-0,783,temp,NA
-0,784,temp,NA
-0,785,temp,NA
-0,786,temp,NA
-0,787,temp,NA
-0,788,temp,NA
-0,789,temp,NA
0.26,790,temp,NA
0.26,791,temp,NA
0.26,792,temp,NA
0.26,793,temp,NA
0.26,794,temp,NA
0.26,795,temp,NA
0.26,796,temp,NA
0.26,797,temp,NA
0.26,798,temp,NA
0.26,799,temp,NA
0.26,800,temp,NA
0.26,801,temp,NA
0.26,802,temp,NA
0.26,803,temp,NA
0.26,804,temp,NA
0.26,805,temp,NA
0.26,806,temp,NA
0.26,807,temp,NA
0.26,808,temp,NA
0.26,809,temp,NA
0.26,810,temp,NA
0.26,811,temp,NA
0.26,812,temp,NA
0.26,813,temp,NA
0.26,814,temp,NA
0.26,815,temp,NA
0.26,816,temp,NA
0.26,817,temp,NA
0.26,818,temp,NA
0.26,819,temp,NA
0.26,820,temp,NA
6.23,821,temp,NA
6.23,822,temp,NA
6.23,823,temp,NA
6.23,824,temp,NA
6.23,825,temp,NA
6.23,826,temp,NA
6.23,827,temp,NA
6.23,828,temp,NA
6.23,829,temp,NA
6.23,830,temp,NA
6.23,831,temp,NA
6.23,832,temp,NA
6.23,833,temp,NA
6.23,834,temp,NA
6.23,835,temp,NA
6.23,836,temp,NA
6.23,837,temp,NA
6.23,838,temp,NA
6.23,839,temp,NA
6.23,840,temp,NA
6.23,841,temp,NA
6.23,842,temp,NA
6.23,843,temp,NA
6.23,844,temp,NA
6.23,845,temp,NA
6.23,846,temp,NA
6.23,847,temp,NA
6.23,848,temp,NA
6.23,849,temp,NA
6.23,850,temp,NA
12.54,851,temp,NA
12.54,852,temp,NA
12.54,853,temp,NA
12.54,854,temp,NA
12.54,855,temp,NA
12.54,856,temp,NA
12.54,857,temp,NA
12.54,858,temp,NA
12.54,859,temp,NA
12.54,860,temp,NA
12.54,861,temp,NA
12.54,862,temp,NA
12.54,863,temp,NA
12.54,864,temp,NA
12.54,865,temp,NA
12.54,866,temp,NA
12.54,867,temp,NA
12.54,868,temp,NA
12.54,869,temp,NA
12.54,870,temp,NA
12.54,871,temp,NA
12.54,872,temp,NA
12.54,873,temp,NA
12.54,874,temp,NA
12.54,875,temp,NA
12.54,876,temp,NA
12.54,877,temp,NA
12.54,878,temp,NA
12.54,879,temp,NA
12.54,880,temp,NA
12.54,881,temp,NA
17.72,882,temp,NA
17.72,883,temp,NA
17.72,884,temp,NA
17.72,885,temp,NA
17.72,886,temp,NA
17.72,887,temp,NA
17.72,888,temp,NA
17.72,889,temp,NA
17.72,890,temp,NA
17.72,891,temp,NA
17.72,892,temp,NA
17.72,893,temp,NA
17.72,894,temp,NA
17.72,895,temp,NA
17.72,896,temp,NA
17.72,897,temp,NA
17.72,898,temp,NA
17.72,899,temp,NA
17.72,900,temp,NA
17.72,901,temp,NA
17.72,902,temp,NA
17.72,903,temp,NA
17.72,904,temp,NA
17.72,905,temp,NA
17.72,906,temp,NA
17.72,907,temp,NA
17.72,908,temp,NA
17.72,909,temp,NA
17.72,910,temp,NA
17.72,911,temp,NA
20.79,912,temp,NA
20.79,913,temp,NA
20.79,914,temp,NA
20.79,915,temp,NA
20.79,916,temp,NA
20.79,917,temp,NA
20.79,918,temp,NA
20.79,919,temp,NA
20.79,920,temp,NA
20.79,921,temp,NA
20.79,922,temp,NA
20.79,923,temp,NA
20.79,924,temp,NA
20.79,925,temp,NA
20.79,926,temp,NA
20.79,927,temp,NA
20.79,928,temp,NA
20.79,929,temp,NA
20.79,930,temp,NA
20.79,931,temp,NA
20.79,932,temp,NA
20.79,933,temp,NA
20.79,934,temp,NA
20.79,935,temp,NA
20.79,936,temp,NA
20.79,937,temp,NA
20.79,938,temp,NA
20.79,939,temp,NA
20.79,940,temp,NA
20.79,941,temp,NA
20.79,942,temp,NA
20.09,943,temp,NA
20.09,944,temp,NA
20.09,945,temp,NA
20.09,946,temp,NA
20.09,947,temp,NA
20.09,948,temp,NA
20.09,949,temp,NA
20.09,950,temp,NA
20.09,951,temp,NA
20.09,952,temp,NA
20.09,953,temp,NA
20.09,954,temp,NA
20.09,955,temp,NA
20.09,956,temp,NA
20.09,957,temp,NA
20.09,958,temp,NA
20.09,959,temp,NA
20.09,960,temp,NA
20.09,961,temp,NA
20.09,962,temp,NA
20.09,963,temp,NA
20.09,964,temp,NA
20.09,965,temp,NA
20.09,966,temp,NA
20.09,967,temp,NA
20.09,968,temp,NA
20.09,969,temp,NA
20.09,970,temp,NA
20.09,971,temp,NA
20.09,972,temp,NA
20.09,973,temp,NA
16.23,974,temp,NA
16.23,975,temp,NA
16.23,976,temp,NA
16.23,977,temp,NA
16.23,978,temp,NA
16.23,979,temp,NA
16.23,980,temp,NA
16.23,981,temp,NA
16.23,982,temp,NA
16.23,983,temp,NA
16.23,984,temp,NA
16.23,985,temp,NA
16.23,986,temp,NA
16.23,987,temp,NA
16.23,988,temp,NA
16.23,989,temp,NA
16.23,990,temp,NA
16.23,991,temp,NA
16.23,992,temp,NA
16.23,993,temp,NA
16.23,994,temp,NA
16.23,995,temp,NA
16.23,996,temp,NA
16.23,997,temp,NA
16.23,998,temp,NA
16.23,999,temp,NA
16.23,1000,temp,NA
16.23,1001,temp,NA
16.23,1002,temp,NA
16.23,1003,temp,NA
9.82,1004,temp,NA
9.82,1005,temp,NA
9.82,1006,temp,NA
9.82,1007,temp,NA
9.82,1008,temp,NA
9.82,1009,temp,NA
9.82,1010,temp,NA
9.82,1011,temp,NA
9.82,1012,temp,NA
9.82,1013,temp,NA
9.82,1014,temp,NA
9.82,1015,temp,NA
9.82,1016,temp,NA
9.82,1017,temp,NA
9.82,1018,temp,NA
9.82,1019,temp,NA
9.82,1020,temp,NA
9.82,1021,temp,NA
9.82,1022,temp,NA
9.82,1023,temp,NA
9.82,1024,temp,NA
9.82,1025,temp,NA
9.82,1026,temp,NA
9.82,1027,temp,NA
9.82,1028,temp,NA
9.82,1029,temp,NA
9.82,1030,temp,NA
9.82,1031,temp,NA
9.82,1032,temp,NA
9.82,1033,temp,NA
9.82,1034,temp,NA
4.21,1035,temp,NA
4.21,1036,temp,NA
4.21,1037,temp,NA
4.21,1038,temp,NA
4.21,1039,temp,NA
4.21,1040,temp,NA
4.21,1041,temp,NA
4.21,1042,temp,NA
4.21,1043,temp,NA
4.21,1044,temp,NA
4.21,1045,temp,NA
4.21,1046,temp,NA
4.21,1047,temp,NA
4.21,1048,temp,NA
4.21,1049,temp,NA
4.21,1050,temp,NA
4.21,1051,temp,NA
4.21,1052,temp,NA
4.21,1053,temp,NA
4.21,1054,temp,NA
4.21,1055,temp,NA
4.21,1056,temp,NA
4.21,1057,temp,NA
4.21,1058,temp,NA
4.21,1059,temp,NA
4.21,1060,temp,NA
4.21,1061,temp,NA
4.21,1062,temp,NA
4.21,1063,temp,NA
4.21,1064,temp,NA
-0,1065,temp,NA
-0,1066,temp,NA
-0,1067,temp,NA
-0,1068,temp,NA
-0,1069,temp,NA
-0,1070,temp,NA
-0,1071,temp,NA
-0,1072,temp,NA
-0,1073,temp,NA
-0,1074,temp,NA
-0,1075,temp,NA
-0,1076,temp,NA
-0,1077,temp,NA
-0,1078,temp,NA
-0,1079,temp,NA
-0,1080,temp,NA
-0,1081,temp,NA
-0,1082,temp,NA
-0,1083,temp,NA
-0,1084,temp,NA
-0,1085,temp,NA
-0,1086,temp,NA
-0,1087,temp,NA
-0,1088,temp,NA
-0,1089,temp,NA
-0,1090,temp,NA
-0,1091,temp,NA
-0,1092,temp,NA
-0,1093,temp,NA
-0,1094,temp,NA
-0,1095,temp,NA
-0,1096,temp,NA
-0,1097,temp,NA
-0,1098,temp,NA
-0,1099,temp,NA
-0,1100,temp,NA
-0,1101,temp,NA
-0,1102,temp,NA
-0,1103,temp,NA
-0,1104,temp,NA
-0,1105,temp,NA
-0,1106,temp,NA
-0,1107,temp,NA
-0,1108,temp,NA
-0,1109,temp,NA
-0,1110,temp,NA
-0,1111,temp,NA
-0,1112,temp,NA
-0,1113,temp,NA
-0,1114,temp,NA
-0,1115,temp,NA
-0,1116,temp,NA
-0,1117,temp,NA
-0,1118,temp,NA
-0,1119,temp,NA
-0,1120,temp,NA
-0,1121,temp,NA
-0,1122,temp,NA
-0,1123,temp,NA
-0,1124,temp,NA
-0,1125,temp,NA
-0,1126,temp,NA
-0,1127,temp,NA
-0,1128,temp,NA
-0,1129,temp,NA
-0,1130,temp,NA
-0,1131,temp,NA
-0,1132,temp,NA
-0,1133,temp,NA
-0,1134,temp,NA
-0,1135,temp,NA
-0,1136,temp,NA
-0,1137,temp,NA
-0,1138,temp,NA
-0,1139,temp,NA
-0,1140,temp,NA
-0,1141,temp,NA
-0,1142,temp,NA
-0,1143,temp,NA
-0,1144,temp,NA
-0,1145,temp,NA
-0,1146,temp,NA
-0,1147,temp,NA
-0,1148,temp,NA
-0,1149,temp,NA
-0,1150,temp,NA
-0,1151,temp,NA
-0,1152,temp,NA
-0,1153,temp,NA
-0,1154,temp,NA
0.26,1155,temp,NA
0.26,1156,temp,NA
0.26,1157,temp,NA
0.26,1158,temp,NA
0.26,1159,temp,NA
0.26,1160,temp,NA
0.26,1161,temp,NA
0.26,1162,temp,NA
0.26,1163,temp,NA
0.26,1164,temp,NA
0.26,1165,temp,NA
0.26,1166,temp,NA
0.26,1167,temp,NA
0.26,1168,temp,NA
0.26,1169,temp,NA
0.26,1170,temp,NA
0.26,1171,temp,NA
0.26,1172,temp,NA
0.26,1173,temp,NA
0.26,1174,temp,NA
0.26,1175,temp,NA
0.26,1176,temp,NA
0.26,1177,temp,NA
0.26,1178,temp,NA
0.26,1179,temp,NA
0.26,1180,temp,NA
0.26,1181,temp,NA
0.26,1182,temp,NA
0.26,1183,temp,NA
0.26,1184,temp,NA
0.26,1185,temp,NA
6.23,1186,temp,NA
6.23,1187,temp,NA
6.23,1188,temp,NA
6.23,1189,temp,NA
6.23,1190,temp,NA
6.23,1191,temp,NA
6.23,1192,temp,NA
6.23,1193,temp,NA
6.23,1194,temp,NA
6.23,1195,temp,NA
6.23,1196,temp,NA
6.23,1197,temp,NA
6.23,1198,temp,NA
6.23,1199,temp,NA
6.23,1200,temp,NA
6.23,1201,temp,NA
6.23,1202,temp,NA
6.23,1203,temp,NA
6.23,1204,temp,NA
6.23,1205,temp,NA
6.23,1206,temp,NA
6.23,1207,temp,NA
6.23,1208,temp,NA
6.23,1209,temp,NA
6.23,1210,temp,NA
6.23,1211,temp,NA
6.23,1212,temp,NA
6.23,1213,temp,NA
6.23,1214,temp,NA
6.23,1215,temp,NA
12.54,1216,temp,NA
12.54,1217,temp,NA
12.54,1218,temp,NA
12.54,1219,temp,NA
12.54,1220,temp,NA
12.54,1221,temp,NA
12.54,1222,temp,NA
12.54,1223,temp,NA
12.54,1224,temp,NA
12.54,1225,temp,NA
12.54,1226,temp,NA
12.54,1227,temp,NA
12.54,1228,temp,NA
12.54,1229,temp,NA
12.54,1230,temp,NA
12.54,1231,temp,NA
12.54,1232,temp,NA
12.54,1233,temp,NA
12.54,1234,temp,NA
12.54,1235,temp,NA
12.54,1236,temp,NA
12.54,1237,temp,NA
12.54,1238,temp,NA
12.54,1239,temp,NA
12.54,1240,temp,NA
12.54,1241,temp,NA
12.54,1242,temp,NA
12.54,1243,temp,NA
12.54,1244,temp,NA
12.54,1245,temp,NA
12.54,1246,temp,NA
17.72,1247,temp,NA
17.72,1248,temp,NA
17.72,1249,temp,NA
17.72,1250,temp,NA
17.72,1251,temp,NA
17.72,1252,temp,NA
17.72,1253,temp,NA
17.72,1254,temp,NA
17.72,1255,temp,NA
17.72,1256,temp,NA
17.72,1257,temp,NA
17.72,1258,temp,NA
17.72,1259,temp,NA
17.72,1260,temp,NA
17.72,1261,temp,NA
17.72,1262,temp,NA
17.72,1263,temp,NA
17.72,1264,temp,NA
17.72,1265,temp,NA
17.72,1266,temp,NA
17.72,1267,temp,NA
17.72,1268,temp,NA
17.72,1269,temp,NA
17.72,1270,temp,NA
17.72,1271,temp,NA
17.72,1272,temp,NA
17.72,1273,temp,NA
17.72,1274,temp,NA
17.72,1275,temp,NA
17.72,1276,temp,NA
20.79,1277,temp,NA
20.79,1278,temp,NA
20.79,1279,temp,NA
20.79,1280,temp,NA
20.79,1281,temp,NA
20.79,1282,temp,NA
20.79,1283,temp,NA
20.79,1284,temp,NA
20.79,1285,temp,NA
20.79,1286,temp,NA
20.79,1287,temp,NA
20.79,1288,temp,NA
20.79,1289,temp,NA
20.79,1290,temp,NA
20.79,1291,temp,NA
20.79,1292,temp,NA
20.79,1293,temp,NA
20.79,1294,temp,NA
20.79,1295,temp,NA
20.79,1296,temp,NA
20.79,1297,temp,NA
20.79,1298,temp,NA
20.79,1299,temp,NA
20.79,1300,temp,NA
20.79,1301,temp,NA
20.79,1302,temp,NA
20.79,1303,temp,NA
20.79,1304,temp,NA
20.79,1305,temp,NA
20.79,1306,temp,NA
20.79,1307,temp,NA
20.09,1308,temp,NA
20.09,1309,temp,NA
20.09,1310,temp,NA
20.09,1311,temp,NA
20.09,1312,temp,NA
20.09,1313,temp,NA
20.09,1314,temp,NA
20.09,1315,temp,NA
20.09,1316,temp,NA
20.09,1317,temp,NA
20.09,1318,temp,NA
20.09,1319,temp,NA
20.09,1320,temp,NA
20.09,1321,temp,NA
20.09,1322,temp,NA
20.09,1323,temp,NA
20.09,1324,temp,NA
20.09,1325,temp,NA
20.09,1326,temp,NA
20.09,1327,temp,NA
20.09,1328,temp,NA
20.09,1329,temp,NA
20.09,1330,temp,NA
20.09,1331,temp,NA
20.09,1332,temp,NA
20.09,1333,temp,NA
20.09,1334,temp,NA
20.09,1335,temp,NA
20.09,1336,temp,NA
20.09,1337,temp,NA
20.09,1338,temp,NA
16.23,1339,temp,NA
16.23,1340,temp,NA
16.23,1341,temp,NA
16.23,1342,temp,NA
16.23,1343,temp,NA
16.23,1344,temp,NA
16.23,1345,temp,NA
16.23,1346,temp,NA
16.23,1347,temp,NA
16.23,1348,temp,NA
16.23,1349,temp,NA
16.23,1350,temp,NA
16.23,1351,temp,NA
16.23,1352,temp,NA
16.23,1353,temp,NA
16.23,1354,temp,NA
16.23,1355,temp,NA
16.23,1356,temp,NA
16.23,1357,temp,NA
16.23,1358,temp,NA
16.23,1359,temp,NA
16.23,1360,temp,NA
16.23,1361,temp,NA
16.23,1362,temp,NA
16.23,1363,temp,NA
16.23,1364,temp,NA
16.23,1365,temp,NA
16.23,1366,temp,NA
16.23,1367,temp,NA
16.23,1368,temp,NA
9.82,1369,temp,NA
9.82,1370,temp,NA
9.82,1371,temp,NA
9.82,1372,temp,NA
9.82,1373,temp,NA
9.82,1374,temp,NA
9.82,1375,temp,NA
9.82,1376,temp,NA
9.82,1377,temp,NA
9.82,1378,temp,NA
9.82,1379,temp,NA
9.82,1380,temp,NA
9.82,1381,temp,NA
9.82,1382,temp,NA
9.82,1383,temp,NA
9.82,1384,temp,NA
9.82,1385,temp,NA
9.82,1386,temp,NA
9.82,1387,temp,NA
9.82,1388,temp,NA
9.82,1389,temp,NA
9.82,1390,temp,NA
9.82,1391,temp,NA
9.82,1392,temp,NA
9.82,1393,temp,NA
9.82,1394,temp,NA
9.82,1395,temp,NA
9.82,1396,temp,NA
9.82,1397,temp,NA
9.82,1398,temp,NA
9.82,1399,temp,NA
4.21,1400,temp,NA
4.21,1401,temp,NA
4.21,1402,temp,NA
4.21,1403,temp,NA
4.21,1404,temp,NA
4.21,1405,temp,NA
4.21,1406,temp,NA
4.21,1407,temp,NA
4.21,1408,temp,NA
4.21,1409,temp,NA
4.21,1410,temp,NA
4.21,1411,temp,NA
4.21,1412,temp,NA
4.21,1413,temp,NA
4.21,1414,temp,NA
4.21,1415,temp,NA
4.21,1416,temp,NA
4.21,1417,temp,NA
4.21,1418,temp,NA
4.21,1419,temp,NA
4.21,1420,temp,NA
4.21,1421,temp,NA
4.21,1422,temp,NA
4.21,1423,temp,NA
4.21,1424,temp,NA
4.21,1425,temp,NA
4.21,1426,temp,NA
4.21,1427,temp,NA
4.21,1428,temp,NA
4.21,1429,temp,NA
-0,1430,temp,NA
-0,1431,temp,NA
-0,1432,temp,NA
-0,1433,temp,NA
-0,1434,temp,NA
-0,1435,temp,NA
-0,1436,temp,NA
-0,1437,temp,NA
-0,1438,temp,NA
-0,1439,temp,NA
-0,1440,temp,NA
-0,1441,temp,NA
-0,1442,temp,NA
-0,1443,temp,NA
-0,1444,temp,NA
-0,1445,temp,NA
-0,1446,temp,NA
-0,1447,temp,NA
-0,1448,temp,NA
-0,1449,temp,NA
-0,1450,temp,NA
-0,1451,temp,NA
-0,1452,temp,NA
-0,1453,temp,NA
-0,1454,temp,NA
-0,1455,temp,NA
-0,1456,temp,NA
-0,1457,temp,NA
-0,1458,temp,NA
-0,1459,temp,NA
-0,1460,temp,NA
-0,1461,temp,NA
-0,1462,temp,NA
-0,1463,temp,NA
-0,1464,temp,NA
-0,1465,temp,NA
-0,1466,temp,NA
-0,1467,temp,NA
-0,1468,temp,NA
-0,1469,temp,NA
-0,1470,temp,NA
-0,1471,temp,NA
-0,1472,temp,NA
-0,1473,temp,NA
-0,1474,temp,NA
-0,1475,temp,NA
-0,1476,temp,NA
-0,1477,temp,NA
-0,1478,temp,NA
-0,1479,temp,NA
-0,1480,temp,NA
-0,1481,temp,NA
-0,1482,temp,NA
-0,1483,temp,NA
-0,1484,temp,NA
-0,1485,temp,NA
-0,1486,temp,NA
-0,1487,temp,NA
-0,1488,temp,NA
-0,1489,temp,NA
-0,1490,temp,NA
-0,1491,temp,NA
-0,1492,temp,NA
-0,1493,temp,NA
-0,1494,temp,NA
-0,1495,temp,NA
-0,1496,temp,NA
-0,1497,temp,NA
-0,1498,temp,NA
-0,1499,temp,NA
-0,1500,temp,NA
-0,1501,temp,NA
-0,1502,temp,NA
-0,1503,temp,NA
-0,1504,temp,NA
-0,1505,temp,NA
-0,1506,temp,NA
-0,1507,temp,NA
-0,1508,temp,NA
-0,1509,temp,NA
-0,1510,temp,NA
-0,1511,temp,NA
-0,1512,temp,NA
-0,1513,temp,NA
-0,1514,temp,NA
-0,1515,temp,NA
-0,1516,temp,NA
-0,1517,temp,NA
-0,1518,temp,NA
-0,1519,temp,NA
0.26,1520,temp,NA
0.26,1521,temp,NA
0.26,1522,temp,NA
0.26,1523,temp,NA
0.26,1524,temp,NA
0.26,1525,temp,NA
0.26,1526,temp,NA
0.26,1527,temp,NA
0.26,1528,temp,NA
0.26,1529,temp,NA
0.26,1530,temp,NA
0.26,1531,temp,NA
0.26,1532,temp,NA
0.26,1533,temp,NA
0.26,1534,temp,NA
0.26,1535,temp,NA
0.26,1536,temp,NA
0.26,1537,temp,NA
0.26,1538,temp,NA
0.26,1539,temp,NA
0.26,1540,temp,NA
0.26,1541,temp,NA
0.26,1542,temp,NA
0.26,1543,temp,NA
0.26,1544,temp,NA
0.26,1545,temp,NA
0.26,1546,temp,NA
0.26,1547,temp,NA
0.26,1548,temp,NA
0.26,1549,temp,NA
0.26,1550,temp,NA
6.23,1551,temp,NA
6.23,1552,temp,NA
6.23,1553,temp,NA
6.23,1554,temp,NA
6.23,1555,temp,NA
6.23,1556,temp,NA
6.23,1557,temp,NA
6.23,1558,temp,NA
6.23,1559,temp,NA
6.23,1560,temp,NA
6.23,1561,temp,NA
6.23,1562,temp,NA
6.23,1563,temp,NA
6.23,1564,temp,NA
6.23,1565,temp,NA
6.23,1566,temp,NA
6.23,1567,temp,NA
6.23,1568,temp,NA
6.23,1569,temp,NA
6.23,1570,temp,NA
6.23,1571,temp,NA
6.23,1572,temp,NA
6.23,1573,temp,NA
6.23,1574,temp,NA
6.23,1575,temp,NA
6.23,1576,temp,NA
6.23,1577,temp,NA
6.23,1578,temp,NA
6.23,1579,temp,NA
6.23,1580,temp,NA
12.54,1581,temp,NA
12.54,1582,temp,NA
12.54,1583,temp,NA
12.54,1584,temp,NA
12.54,1585,temp,NA
12.54,1586,temp,NA
12.54,1587,temp,NA
12.54,1588,temp,NA
12.54,1589,temp,NA
12.54,1590,temp,NA
12.54,1591,temp,NA
12.54,1592,temp,NA
12.54,1593,temp,NA
12.54,1594,temp,NA
12.54,1595,temp,NA
12.54,1596,temp,NA
12.54,1597,temp,NA
12.54,1598,temp,NA
12.54,1599,temp,NA
12.54,1600,temp,NA
12.54,1601,temp,NA
12.54,1602,temp,NA
12.54,1603,temp,NA
12.54,1604,temp,NA
12.54,1605,temp,NA
12.54,1606,temp,NA
12.54,1607,temp,NA
12.54,1608,temp,NA
12.54,1609,temp,NA
12.54,1610,temp,NA
12.54,1611,temp,NA
17.72,1612,temp,NA
17.72,1613,temp,NA
17.72,1614,temp,NA
17.72,1615,temp,NA
17.72,1616,temp,NA
17.72,1617,temp,NA
17.72,1618,temp,NA
17.72,1619,temp,NA
17.72,1620,temp,NA
17.72,1621,temp,NA
17.72,1622,temp,NA
17.72,1623,temp,NA
17.72,1624,temp,NA
17.72,1625,temp,NA
17.72,1626,temp,NA
17.72,1627,temp,NA
17.72,1628,temp,NA
17.72,1629,temp,NA
17.72,1630,temp,NA
17.72,1631,temp,NA
17.72,1632,temp,NA
17.72,1633,temp,NA
17.72,1634,temp,NA
17.72,1635,temp,NA
17.72,1636,temp,NA
17.72,1637,temp,NA
17.72,1638,temp,NA
17.72,1639,temp,NA
17.72,1640,temp,NA
17.72,1641,temp,NA
20.79,1642,temp,NA
20.79,1643,temp,NA
20.79,1644,temp,NA
20.79,1645,temp,NA
20.79,1646,temp,NA
20.79,1647,temp,NA
20.79,1648,temp,NA
20.79,1649,temp,NA
20.79,1650,temp,NA
20.79,1651,temp,NA
20.79,1652,temp,NA
20.79,1653,temp,NA
20.79,1654,temp,NA
20.79,1655,temp,NA
20.79,1656,temp,NA
20.79,1657,temp,NA
20.79,1658,temp,NA
20.79,1659,temp,NA
20.79,1660,temp,NA
20.79,1661,temp,NA
20.79,1662,temp,NA
20.79,1663,temp,NA
20.79,1664,temp,NA
20.79,1665,temp,NA
20.79,1666,temp,NA
20.79,1667,temp,NA
20.79,1668,temp,NA
20.79,1669,temp,NA
20.79,1670,temp,NA
20.79,1671,temp,NA
20.79,1672,temp,NA
20.09,1673,temp,NA
20.09,1674,temp,NA
20.09,1675,temp,NA
20.09,1676,temp,NA
20.09,1677,temp,NA
20.09,1678,temp,NA
20.09,1679,temp,NA
20.09,1680,temp,NA
20.09,1681,temp,NA
20.09,1682,temp,NA
20.09,1683,temp,NA
20.09,1684,temp,NA
20.09,1685,temp,NA
20.09,1686,temp,NA
20.09,1687,temp,NA
20.09,1688,temp,NA
20.09,1689,temp,NA
20.09,1690,temp,NA
20.09,1691,temp,NA
20.09,1692,temp,NA
20.09,1693,temp,NA
20.09,1694,temp,NA
20.09,1695,temp,NA
20.09,1696,temp,NA
20.09,1697,temp,NA
20.09,1698,temp,NA
20.09,1699,temp,NA
20.09,1700,temp,NA
20.09,1701,temp,NA
20.09,1702,temp,NA
20.09,1703,temp,NA
16.23,1704,temp,NA
16.23,1705,temp,NA
16.23,1706,temp,NA
16.23,1707,temp,NA
16.23,1708,temp,NA
16.23,1709,temp,NA
16.23,1710,temp,NA
16.23,1711,temp,NA
16.23,1712,temp,NA
16.23,1713,temp,NA
16.23,1714,temp,NA
16.23,1715,temp,NA
16.23,1716,temp,NA
16.23,1717,temp,NA
16.23,1718,temp,NA
16.23,1719,temp,NA
16.23,1720,temp,NA
16.23,1721,temp,NA
16.23,1722,temp,NA
16.23,1723,temp,NA
16.23,1724,temp,NA
16.23,1725,temp,NA
16.23,1726,temp,NA
16.23,1727,temp,NA
16.23,1728,temp,NA
16.23,1729,temp,NA
16.23,1730,temp,NA
16.23,1731,temp,NA
16.23,1732,temp,NA
16.23,1733,temp,NA
9.82,1734,temp,NA
9.82,1735,temp,NA
9.82,1736,temp,NA
9.82,1737,temp,NA
9.82,1738,temp,NA
9.82,1739,temp,NA
9.82,1740,temp,NA
9.82,1741,temp,NA
9.82,1742,temp,NA
9.82,1743,temp,NA
9.82,1744,temp,NA
9.82,1745,temp,NA
9.82,1746,temp,NA
9.82,1747,temp,NA
9.82,1748,temp,NA
9.82,1749,temp,NA
9.82,1750,temp,NA
9.82,1751,temp,NA
9.82,1752,temp,NA
9.82,1753,temp,NA
9.82,1754,temp,NA
9.82,1755,temp,NA
9.82,1756,temp,NA
9.82,1757,temp,NA
9.82,1758,temp,NA
9.82,1759,temp,NA
9.82,1760,temp,NA
9.82,1761,temp,NA
9.82,1762,temp,NA
9.82,1763,temp,NA
9.82,1764,temp,NA
4.21,1765,temp,NA
4.21,1766,temp,NA
4.21,1767,temp,NA
4.21,1768,temp,NA
4.21,1769,temp,NA
4.21,1770,temp,NA
4.21,1771,temp,NA
4.21,1772,temp,NA
4.21,1773,temp,NA
4.21,1774,temp,NA
4.21,1775,temp,NA
4.21,1776,temp,NA
4.21,1777,temp,NA
4.21,1778,temp,NA
4.21,1779,temp,NA
4.21,1780,temp,NA
4.21,1781,temp,NA
4.21,1782,temp,NA
4.21,1783,temp,NA
4.21,1784,temp,NA
4.21,1785,temp,NA
4.21,1786,temp,NA
4.21,1787,temp,NA
4.21,1788,temp,NA
4.21,1789,temp,NA
4.21,1790,temp,NA
4.21,1791,temp,NA
4.21,1792,temp,NA
4.21,1793,temp,NA
4.21,1794,temp,NA
-0,1795,temp,NA
-0,1796,temp,NA
-0,1797,temp,NA
-0,1798,temp,NA
-0,1799,temp,NA
-0,1800,temp,NA
-0,1801,temp,NA
-0,1802,temp,NA
-0,1803,temp,NA
-0,1804,temp,NA
-0,1805,temp,NA
-0,1806,temp,NA
-0,1807,temp,NA
-0,1808,temp,NA
-0,1809,temp,NA
-0,1810,temp,NA
-0,1811,temp,NA
-0,1812,temp,NA
-0,1813,temp,NA
-0,1814,temp,NA
-0,1815,temp,NA
-0,1816,temp,NA
-0,1817,temp,NA
-0,1818,temp,NA
-0,1819,temp,NA
-0,1820,temp,NA
-0,1821,temp,NA
-0,1822,temp,NA
-0,1823,temp,NA
-0,1824,temp,NA
-0,1825,temp,NA
-0,1826,temp,NA
-0,1827,temp,NA
-0,1828,temp,NA
-0,1829,temp,NA
-0,1830,temp,NA
-0,1831,temp,NA
-0,1832,temp,NA
-0,1833,temp,NA
-0,1834,temp,NA
-0,1835,temp,NA
-0,1836,temp,NA
-0,1837,temp,NA
-0,1838,temp,NA
-0,1839,temp,NA
-0,1840,temp,NA
-0,1841,temp,NA
-0,1842,temp,NA
-0,1843,temp,NA
-0,1844,temp,NA
-0,1845,temp,NA
-0,1846,temp,NA
-0,1847,temp,NA
-0,1848,temp,NA
-0,1849,temp,NA
-0,1850,temp,NA
-0,1851,temp,NA
-0,1852,temp,NA
-0,1853,temp,NA
-0,1854,temp,NA
-0,1855,temp,NA
-0,1856,temp,NA
-0,1857,temp,NA
-0,1858,temp,NA
-0,1859,temp,NA
-0,1860,temp,NA
-0,1861,temp,NA
-0,1862,temp,NA
-0,1863,temp,NA
-0,1864,temp,NA
-0,1865,temp,NA
-0,1866,temp,NA
-0,1867,temp,NA
-0,1868,temp,NA
-0,1869,temp,NA
-0,1870,temp,NA
-0,1871,temp,NA
-0,1872,temp,NA
-0,1873,temp,NA
-0,1874,temp,NA
-0,1875,temp,NA
-0,1876,temp,NA
-0,1877,temp,NA
-0,1878,temp,NA
-0,1879,temp,NA
-0,1880,temp,NA
-0,1881,temp,NA
-0,1882,temp,NA
-0,1883,temp,NA
-0,1884,temp,NA
0.26,1885,temp,NA
0.26,1886,temp,NA
0.26,1887,temp,NA
0.26,1888,temp,NA
0.26,1889,temp,NA
0.26,1890,temp,NA
0.26,1891,temp,NA
0.26,1892,temp,NA
0.26,1893,temp,NA
0.26,1894,temp,NA
0.26,1895,temp,NA
0.26,1896,temp,NA
0.26,1897,temp,NA
0.26,1898,temp,NA
0.26,1899,temp,NA
0.26,1900,temp,NA
0.26,1901,temp,NA
0.26,1902,temp,NA
0.26,1903,temp,NA
0.26,1904,temp,NA
0.26,1905,temp,NA
0.26,1906,temp,NA
0.26,1907,temp,NA
0.26,1908,temp,NA
0.26,1909,temp,NA
0.26,1910,temp,NA
0.26,1911,temp,NA
0.26,1912,temp,NA
0.26,1913,temp,NA
0.26,1914,temp,NA
0.26,1915,temp,NA
6.23,1916,temp,NA
6.23,1917,temp,NA
6.23,1918,temp,NA
6.23,1919,temp,NA
6.23,1920,temp,NA
6.23,1921,temp,NA
6.23,1922,temp,NA
6.23,1923,temp,NA
6.23,1924,temp,NA
6.23,1925,temp,NA
6.23,1926,temp,NA
6.23,1927,temp,NA
6.23,1928,temp,NA
6.23,1929,temp,NA
6.23,1930,temp,NA
6.23,1931,temp,NA
6.23,1932,temp,NA
6.23,1933,temp,NA
6.23,1934,temp,NA
6.23,1935,temp,NA
6.23,1936,temp,NA
6.23,1937,temp,NA
6.23,1938,temp,NA
6.23,1939,temp,NA
6.23,1940,temp,NA
6.23,1941,temp,NA
6.23,1942,temp,NA
6.23,1943,temp,NA
6.23,1944,temp,NA
6.23,1945,temp,NA
12.54,1946,temp,NA
12.54,1947,temp,NA
12.54,1948,temp,NA
12.54,1949,temp,NA
12.54,1950,temp,NA
12.54,1951,temp,NA
12.54,1952,temp,NA
12.54,1953,temp,NA
12.54,1954,temp,NA
12.54,1955,temp,NA
12.54,1956,temp,NA
12.54,1957,temp,NA
12.54,1958,temp,NA
12.54,1959,temp,NA
12.54,1960,temp,NA
12.54,1961,temp,NA
12.54,1962,temp,NA
12.54,1963,temp,NA
12.54,1964,temp,NA
12.54,1965,temp,NA
12.54,1966,temp,NA
12.54,1967,temp,NA
12.54,1968,temp,NA
12.54,1969,temp,NA
12.54,1970,temp,NA
12.54,1971,temp,NA
12.54,1972,temp,NA
12.54,1973,temp,NA
12.54,1974,temp,NA
12.54,1975,temp,NA
12.54,1976,temp,NA
17.72,1977,temp,NA
17.72,1978,temp,NA
17.72,1979,temp,NA
17.72,1980,temp,NA
17.72,1981,temp,NA
17.72,1982,temp,NA
17.72,1983,temp,NA
17.72,1984,temp,NA
17.72,1985,temp,NA
17.72,1986,temp,NA
17.72,1987,temp,NA
17.72,1988,temp,NA
17.72,1989,temp,NA
17.72,1990,temp,NA
17.72,1991,temp,NA
17.72,1992,temp,NA
17.72,1993,temp,NA
17.72,1994,temp,NA
17.72,1995,temp,NA
17.72,1996,temp,NA
17.72,1997,temp,NA
17.72,1998,temp,NA
17.72,1999,temp,NA
17.72,2000,temp,NA
17.72,2001,temp,NA
17.72,2002,temp,NA
17.72,2003,temp,NA
17.72,2004,temp,NA
17.72,2005,temp,NA
17.72,2006,temp,NA
20.79,2007,temp,NA
20.79,2008,temp,NA
20.79,2009,temp,NA
20.79,2010,temp,NA
20.79,2011,temp,NA
20.79,2012,temp,NA
20.79,2013,temp,NA
20.79,2014,temp,NA
20.79,2015,temp,NA
20.79,2016,temp,NA
20.79,2017,temp,NA
20.79,2018,temp,NA
20.79,2019,temp,NA
20.79,2020,temp,NA
20.79,2021,temp,NA
20.79,2022,temp,NA
20.79,2023,temp,NA
20.79,2024,temp,NA
20.79,2025,temp,NA
20.79,2026,temp,NA
20.79,2027,temp,NA
20.79,2028,temp,NA
20.79,2029,temp,NA
20.79,2030,temp,NA
20.79,2031,temp,NA
20.79,2032,temp,NA
20.79,2033,temp,NA
20.79,2034,temp,NA
20.79,2035,temp,NA
20.79,2036,temp,NA
20.79,2037,temp,NA
20.09,2038,temp,NA
20.09,2039,temp,NA
20.09,2040,temp,NA
20.09,2041,temp,NA
20.09,2042,temp,NA
20.09,2043,temp,NA
20.09,2044,temp,NA
20.09,2045,temp,NA
20.09,2046,temp,NA
20.09,2047,temp,NA
20.09,2048,temp,NA
20.09,2049,temp,NA
20.09,2050,temp,NA
20.09,2051,temp,NA
20.09,2052,temp,NA
20.09,2053,temp,NA
20.09,2054,temp,NA
20.09,2055,temp,NA
20.09,2056,temp,NA
20.09,2057,temp,NA
20.09,2058,temp,NA
20.09,2059,temp,NA
20.09,2060,temp,NA
20.09,2061,temp,NA
20.09,2062,temp,NA
20.09,2063,temp,NA
20.09,2064,temp,NA
20.09,2065,temp,NA
20.09,2066,temp,NA
20.09,2067,temp,NA
20.09,2068,temp,NA
16.23,2069,temp,NA
16.23,2070,temp,NA
16.23,2071,temp,NA
16.23,2072,temp,NA
16.23,2073,temp,NA
16.23,2074,temp,NA
16.23,2075,temp,NA
16.23,2076,temp,NA
16.23,2077,temp,NA
16.23,2078,temp,NA
16.23,2079,temp,NA
16.23,2080,temp,NA
16.23,2081,temp,NA
16.23,2082,temp,NA
16.23,2083,temp,NA
16.23,2084,temp,NA
16.23,2085,temp,NA
16.23,2086,temp,NA
16.23,2087,temp,NA
16.23,2088,temp,NA
16.23,2089,temp,NA
16.23,2090,temp,NA
16.23,2091,temp,NA
16.23,2092,temp,NA
16.23,2093,temp,NA
16.23,2094,temp,NA
16.23,2095,temp,NA
16.23,2096,temp,NA
16.23,2097,temp,NA
16.23,2098,temp,NA
9.82,2099,temp,NA
9.82,2100,temp,NA
9.82,2101,temp,NA
9.82,2102,temp,NA
9.82,2103,temp,NA
9.82,2104,temp,NA
9.82,2105,temp,NA
9.82,2106,temp,NA
9.82,2107,temp,NA
9.82,2108,temp,NA
9.82,2109,temp,NA
9.82,2110,temp,NA
9.82,2111,temp,NA
9.82,2112,temp,NA
9.82,2113,temp,NA
9.82,2114,temp,NA
9.82,2115,temp,NA
9.82,2116,temp,NA
9.82,2117,temp,NA
9.82,2118,temp,NA
9.82,2119,temp,NA
9.82,2120,temp,NA
9.82,2121,temp,NA
9.82,2122,temp,NA
9.82,2123,temp,NA
9.82,2124,temp,NA
9.82,2125,temp,NA
9.82,2126,temp,NA
9.82,2127,temp,NA
9.82,2128,temp,NA
9.82,2129,temp,NA
4.21,2130,temp,NA
4.21,2131,temp,NA
4.21,2132,temp,NA
4.21,2133,temp,NA
4.21,2134,temp,NA
4.21,2135,temp,NA
4.21,2136,temp,NA
4.21,2137,temp,NA
4.21,2138,temp,NA
4.21,2139,temp,NA
4.21,2140,temp,NA
4.21,2141,temp,NA
4.21,2142,temp,NA
4.21,2143,temp,NA
4.21,2144,temp,NA
4.21,2145,temp,NA
4.21,2146,temp,NA
4.21,2147,temp,NA
4.21,2148,temp,NA
4.21,2149,temp,NA
4.21,2150,temp,NA
4.21,2151,temp,NA
4.21,2152,temp,NA
4.21,2153,temp,NA
4.21,2154,temp,NA
4.21,2155,temp,NA
4.21,2156,temp,NA
4.21,2157,temp,NA
4.21,2158,temp,NA
4.21,2159,temp,NA
-0,2160,temp,NA
-0,2161,temp,NA
-0,2162,temp,NA
-0,2163,temp,NA
-0,2164,temp,NA
-0,2165,temp,NA
-0,2166,temp,NA
-0,2167,temp,NA
-0,2168,temp,NA
-0,2169,temp,NA
-0,2170,temp,NA
-0,2171,temp,NA
-0,2172,temp,NA
-0,2173,temp,NA
-0,2174,temp,NA
-0,2175,temp,NA
-0,2176,temp,NA
-0,2177,temp,NA
-0,2178,temp,NA
-0,2179,temp,NA
-0,2180,temp,NA
-0,2181,temp,NA
-0,2182,temp,NA
-0,2183,temp,NA
-0,2184,temp,NA
-0,2185,temp,NA
-0,2186,temp,NA
-0,2187,temp,NA
-0,2188,temp,NA
-0,2189,temp,NA
-0,2190,temp,NA
-0,2191,temp,NA
-0,2192,temp,NA
-0,2193,temp,NA
-0,2194,temp,NA
-0,2195,temp,NA
-0,2196,temp,NA
-0,2197,temp,NA
-0,2198,temp,NA
-0,2199,temp,NA
-0,2200,temp,NA
-0,2201,temp,NA
-0,2202,temp,NA
-0,2203,temp,NA
-0,2204,temp,NA
-0,2205,temp,NA
-0,2206,temp,NA
-0,2207,temp,NA
-0,2208,temp,NA
-0,2209,temp,NA
-0,2210,temp,NA
-0,2211,temp,NA
-0,2212,temp,NA
-0,2213,temp,NA
-0,2214,temp,NA
-0,2215,temp,NA
-0,2216,temp,NA
-0,2217,temp,NA
-0,2218,temp,NA
-0,2219,temp,NA
-0,2220,temp,NA
-0,2221,temp,NA
-0,2222,temp,NA
-0,2223,temp,NA
-0,2224,temp,NA
-0,2225,temp,NA
-0,2226,temp,NA
-0,2227,temp,NA
-0,2228,temp,NA
-0,2229,temp,NA
-0,2230,temp,NA
-0,2231,temp,NA
-0,2232,temp,NA
-0,2233,temp,NA
-0,2234,temp,NA
-0,2235,temp,NA
-0,2236,temp,NA
-0,2237,temp,NA
-0,2238,temp,NA
-0,2239,temp,NA
-0,2240,temp,NA
-0,2241,temp,NA
-0,2242,temp,NA
-0,2243,temp,NA
-0,2244,temp,NA
-0,2245,temp,NA
-0,2246,temp,NA
-0,2247,temp,NA
-0,2248,temp,NA
-0,2249,temp,NA
0.26,2250,temp,NA
0.26,2251,temp,NA
0.26,2252,temp,NA
0.26,2253,temp,NA
0.26,2254,temp,NA
0.26,2255,temp,NA
0.26,2256,temp,NA
0.26,2257,temp,NA
0.26,2258,temp,NA
0.26,2259,temp,NA
0.26,2260,temp,NA
0.26,2261,temp,NA
0.26,2262,temp,NA
0.26,2263,temp,NA
0.26,2264,temp,NA
0.26,2265,temp,NA
0.26,2266,temp,NA
0.26,2267,temp,NA
0.26,2268,temp,NA
0.26,2269,temp,NA
0.26,2270,temp,NA
0.26,2271,temp,NA
0.26,2272,temp,NA
0.26,2273,temp,NA
0.26,2274,temp,NA
0.26,2275,temp,NA
0.26,2276,temp,NA
0.26,2277,temp,NA
0.26,2278,temp,NA
0.26,2279,temp,NA
0.26,2280,temp,NA
6.23,2281,temp,NA
6.23,2282,temp,NA
6.23,2283,temp,NA
6.23,2284,temp,NA
6.23,2285,temp,NA
6.23,2286,temp,NA
6.23,2287,temp,NA
6.23,2288,temp,NA
6.23,2289,temp,NA
6.23,2290,temp,NA
6.23,2291,temp,NA
6.23,2292,temp,NA
6.23,2293,temp,NA
6.23,2294,temp,NA
6.23,2295,temp,NA
6.23,2296,temp,NA
6.23,2297,temp,NA
6.23,2298,temp,NA
6.23,2299,temp,NA
6.23,2300,temp,NA
6.23,2301,temp,NA
6.23,2302,temp,NA
6.23,2303,temp,NA
6.23,2304,temp,NA
6.23,2305,temp,NA
6.23,2306,temp,NA
6.23,2307,temp,NA
6.23,2308,temp,NA
6.23,2309,temp,NA
6.23,2310,temp,NA
12.54,2311,temp,NA
12.54,2312,temp,NA
12.54,2313,temp,NA
12.54,2314,temp,NA
12.54,2315,temp,NA
12.54,2316,temp,NA
12.54,2317,temp,NA
12.54,2318,temp,NA
12.54,2319,temp,NA
12.54,2320,temp,NA
12.54,2321,temp,NA
12.54,2322,temp,NA
12.54,2323,temp,NA
12.54,2324,temp,NA
12.54,2325,temp,NA
12.54,2326,temp,NA
12.54,2327,temp,NA
12.54,2328,temp,NA
12.54,2329,temp,NA
12.54,2330,temp,NA
12.54,2331,temp,NA
12.54,2332,temp,NA
12.54,2333,temp,NA
12.54,2334,temp,NA
12.54,2335,temp,NA
12.54,2336,temp,NA
12.54,2337,temp,NA
12.54,2338,temp,NA
12.54,2339,temp,NA
12.54,2340,temp,NA
12.54,2341,temp,NA
17.72,2342,temp,NA
17.72,2343,temp,NA
17.72,2344,temp,NA
17.72,2345,temp,NA
17.72,2346,temp,NA
17.72,2347,temp,NA
17.72,2348,temp,NA
17.72,2349,temp,NA
17.72,2350,temp,NA
17.72,2351,temp,NA
17.72,2352,temp,NA
17.72,2353,temp,NA
17.72,2354,temp,NA
17.72,2355,temp,NA
17.72,2356,temp,NA
17.72,2357,temp,NA
17.72,2358,temp,NA
17.72,2359,temp,NA
17.72,2360,temp,NA
17.72,2361,temp,NA
17.72,2362,temp,NA
17.72,2363,temp,NA
17.72,2364,temp,NA
17.72,2365,temp,NA
17.72,2366,temp,NA
17.72,2367,temp,NA
17.72,2368,temp,NA
17.72,2369,temp,NA
17.72,2370,temp,NA
17.72,2371,temp,NA
20.79,2372,temp,NA
20.79,2373,temp,NA
20.79,2374,temp,NA
20.79,2375,temp,NA
20.79,2376,temp,NA
20.79,2377,temp,NA
20.79,2378,temp,NA
20.79,2379,temp,NA
20.79,2380,temp,NA
20.79,2381,temp,NA
20.79,2382,temp,NA
20.79,2383,temp,NA
20.79,2384,temp,NA
20.79,2385,temp,NA
20.79,2386,temp,NA
20.79,2387,temp,NA
20.79,2388,temp,NA
20.79,2389,temp,NA
20.79,2390,temp,NA
20.79,2391,temp,NA
20.79,2392,temp,NA
20.79,2393,temp,NA
20.79,2394,temp,NA
20.79,2395,temp,NA
20.79,2396,temp,NA
20.79,2397,temp,NA
20.79,2398,temp,NA
20.79,2399,temp,NA
20.79,2400,temp,NA
20.79,2401,temp,NA
20.79,2402,temp,NA
20.09,2403,temp,NA
20.09,2404,temp,NA
20.09,2405,temp,NA
20.09,2406,temp,NA
20.09,2407,temp,NA
20.09,2408,temp,NA
20.09,2409,temp,NA
20.09,2410,temp,NA
20.09,2411,temp,NA
20.09,2412,temp,NA
20.09,2413,temp,NA
20.09,2414,temp,NA
20.09,2415,temp,NA
20.09,2416,temp,NA
20.09,2417,temp,NA
20.09,2418,temp,NA
20.09,2419,temp,NA
20.09,2420,temp,NA
20.09,2421,temp,NA
20.09,2422,temp,NA
20.09,2423,temp,NA
20.09,2424,temp,NA
20.09,2425,temp,NA
20.09,2426,temp,NA
20.09,2427,temp,NA
20.09,2428,temp,NA
20.09,2429,temp,NA
20.09,2430,temp,NA
20.09,2431,temp,NA
20.09,2432,temp,NA
20.09,2433,temp,NA
16.23,2434,temp,NA
16.23,2435,temp,NA
16.23,2436,temp,NA
16.23,2437,temp,NA
16.23,2438,temp,NA
16.23,2439,temp,NA
16.23,2440,temp,NA
16.23,2441,temp,NA
16.23,2442,temp,NA
16.23,2443,temp,NA
16.23,2444,temp,NA
16.23,2445,temp,NA
16.23,2446,temp,NA
16.23,2447,temp,NA
16.23,2448,temp,NA
16.23,2449,temp,NA
16.23,2450,temp,NA
16.23,2451,temp,NA
16.23,2452,temp,NA
16.23,2453,temp,NA
16.23,2454,temp,NA
16.23,2455,temp,NA
16.23,2456,temp,NA
16.23,2457,temp,NA
16.23,2458,temp,NA
16.23,2459,temp,NA
16.23,2460,temp,NA
16.23,2461,temp,NA
16.23,2462,temp,NA
16.23,2463,temp,NA
9.82,2464,temp,NA
9.82,2465,temp,NA
9.82,2466,temp,NA
9.82,2467,temp,NA
9.82,2468,temp,NA
9.82,2469,temp,NA
9.82,2470,temp,NA
9.82,2471,temp,NA
9.82,2472,temp,NA
9.82,2473,temp,NA
9.82,2474,temp,NA
9.82,2475,temp,NA
9.82,2476,temp,NA
9.82,2477,temp,NA
9.82,2478,temp,NA
9.82,2479,temp,NA
9.82,2480,temp,NA
9.82,2481,temp,NA
9.82,2482,temp,NA
9.82,2483,temp,NA
9.82,2484,temp,NA
9.82,2485,temp,NA
9.82,2486,temp,NA
9.82,2487,temp,NA
9.82,2488,temp,NA
9.82,2489,temp,NA
9.82,2490,temp,NA
9.82,2491,temp,NA
9.82,2492,temp,NA
9.82,2493,temp,NA
9.82,2494,temp,NA
4.21,2495,temp,NA
4.21,2496,temp,NA
4.21,2497,temp,NA
4.21,2498,temp,NA
4.21,2499,temp,NA
4.21,2500,temp,NA
4.21,2501,temp,NA
4.21,2502,temp,NA
4.21,2503,temp,NA
4.21,2504,temp,NA
4.21,2505,temp,NA
4.21,2506,temp,NA
4.21,2507,temp,NA
4.21,2508,temp,NA
4.21,2509,temp,NA
4.21,2510,temp,NA
4.21,2511,temp,NA
4.21,2512,temp,NA
4.21,2513,temp,NA
4.21,2514,temp,NA
4.21,2515,temp,NA
4.21,2516,temp,NA
4.21,2517,temp,NA
4.21,2518,temp,NA
4.21,2519,temp,NA
4.21,2520,temp,NA
4.21,2521,temp,NA
4.21,2522,temp,NA
4.21,2523,temp,NA
4.21,2524,temp,NA
-0,2525,temp,NA
-0,2526,temp,NA
-0,2527,temp,NA
-0,2528,temp,NA
-0,2529,temp,NA
-0,2530,temp,NA
-0,2531,temp,NA
-0,2532,temp,NA
-0,2533,temp,NA
-0,2534,temp,NA
-0,2535,temp,NA
-0,2536,temp,NA
-0,2537,temp,NA
-0,2538,temp,NA
-0,2539,temp,NA
-0,2540,temp,NA
-0,2541,temp,NA
-0,2542,temp,NA
-0,2543,temp,NA
-0,2544,temp,NA
-0,2545,temp,NA
-0,2546,temp,NA
-0,2547,temp,NA
-0,2548,temp,NA
-0,2549,temp,NA
-0,2550,temp,NA
-0,2551,temp,NA
-0,2552,temp,NA
-0,2553,temp,NA
-0,2554,temp,NA
-0,2555,temp,NA
-0,2556,temp,NA
-0,2557,temp,NA
-0,2558,temp,NA
-0,2559,temp,NA
-0,2560,temp,NA
-0,2561,temp,NA
-0,2562,temp,NA
-0,2563,temp,NA
-0,2564,temp,NA
-0,2565,temp,NA
-0,2566,temp,NA
-0,2567,temp,NA
-0,2568,temp,NA
-0,2569,temp,NA
-0,2570,temp,NA
-0,2571,temp,NA
-0,2572,temp,NA
-0,2573,temp,NA
-0,2574,temp,NA
-0,2575,temp,NA
-0,2576,temp,NA
-0,2577,temp,NA
-0,2578,temp,NA
-0,2579,temp,NA
-0,2580,temp,NA
-0,2581,temp,NA
-0,2582,temp,NA
-0,2583,temp,NA
-0,2584,temp,NA
-0,2585,temp,NA
-0,2586,temp,NA
-0,2587,temp,NA
-0,2588,temp,NA
-0,2589,temp,NA
-0,2590,temp,NA
-0,2591,temp,NA
-0,2592,temp,NA
-0,2593,temp,NA
-0,2594,temp,NA
-0,2595,temp,NA
-0,2596,temp,NA
-0,2597,temp,NA
-0,2598,temp,NA
-0,2599,temp,NA
-0,2600,temp,NA
-0,2601,temp,NA
-0,2602,temp,NA
-0,2603,temp,NA
-0,2604,temp,NA
-0,2605,temp,NA
-0,2606,temp,NA
-0,2607,temp,NA
-0,2608,temp,NA
-0,2609,temp,NA
-0,2610,temp,NA
-0,2611,temp,NA
-0,2612,temp,NA
-0,2613,temp,NA
-0,2614,temp,NA
0.26,2615,temp,NA
0.26,2616,temp,NA
0.26,2617,temp,NA
0.26,2618,temp,NA
0.26,2619,temp,NA
0.26,2620,temp,NA
0.26,2621,temp,NA
0.26,2622,temp,NA
0.26,2623,temp,NA
0.26,2624,temp,NA
0.26,2625,temp,NA
0.26,2626,temp,NA
0.26,2627,temp,NA
0.26,2628,temp,NA
0.26,2629,temp,NA
0.26,2630,temp,NA
0.26,2631,temp,NA
0.26,2632,temp,NA
0.26,2633,temp,NA
0.26,2634,temp,NA
0.26,2635,temp,NA
0.26,2636,temp,NA
0.26,2637,temp,NA
0.26,2638,temp,NA
0.26,2639,temp,NA
0.26,2640,temp,NA
0.26,2641,temp,NA
0.26,2642,temp,NA
0.26,2643,temp,NA
0.26,2644,temp,NA
0.26,2645,temp,NA
6.23,2646,temp,NA
6.23,2647,temp,NA
6.23,2648,temp,NA
6.23,2649,temp,NA
6.23,2650,temp,NA
6.23,2651,temp,NA
6.23,2652,temp,NA
6.23,2653,temp,NA
6.23,2654,temp,NA
6.23,2655,temp,NA
6.23,2656,temp,NA
6.23,2657,temp,NA
6.23,2658,temp,NA
6.23,2659,temp,NA
6.23,2660,temp,NA
6.23,2661,temp,NA
6.23,2662,temp,NA
6.23,2663,temp,NA
6.23,2664,temp,NA
6.23,2665,temp,NA
6.23,2666,temp,NA
6.23,2667,temp,NA
6.23,2668,temp,NA
6.23,2669,temp,NA
6.23,2670,temp,NA
6.23,2671,temp,NA
6.23,2672,temp,NA
6.23,2673,temp,NA
6.23,2674,temp,NA
6.23,2675,temp,NA
12.54,2676,temp,NA
12.54,2677,temp,NA
12.54,2678,temp,NA
12.54,2679,temp,NA
12.54,2680,temp,NA
12.54,2681,temp,NA
12.54,2682,temp,NA
12.54,2683,temp,NA
12.54,2684,temp,NA
12.54,2685,temp,NA
12.54,2686,temp,NA
12.54,2687,temp,NA
12.54,2688,temp,NA
12.54,2689,temp,NA
12.54,2690,temp,NA
12.54,2691,temp,NA
12.54,2692,temp,NA
12.54,2693,temp,NA
12.54,2694,temp,NA
12.54,2695,temp,NA
12.54,2696,temp,NA
12.54,2697,temp,NA
12.54,2698,temp,NA
12.54,2699,temp,NA
12.54,2700,temp,NA
12.54,2701,temp,NA
12.54,2702,temp,NA
12.54,2703,temp,NA
12.54,2704,temp,NA
12.54,2705,temp,NA
12.54,2706,temp,NA
17.72,2707,temp,NA
17.72,2708,temp,NA
17.72,2709,temp,NA
17.72,2710,temp,NA
17.72,2711,temp,NA
17.72,2712,temp,NA
17.72,2713,temp,NA
17.72,2714,temp,NA
17.72,2715,temp,NA
17.72,2716,temp,NA
17.72,2717,temp,NA
17.72,2718,temp,NA
17.72,2719,temp,NA
17.72,2720,temp,NA
17.72,2721,temp,NA
17.72,2722,temp,NA
17.72,2723,temp,NA
17.72,2724,temp,NA
17.72,2725,temp,NA
17.72,2726,temp,NA
17.72,2727,temp,NA
17.72,2728,temp,NA
17.72,2729,temp,NA
17.72,2730,temp,NA
17.72,2731,temp,NA
17.72,2732,temp,NA
17.72,2733,temp,NA
17.72,2734,temp,NA
17.72,2735,temp,NA
17.72,2736,temp,NA
20.79,2737,temp,NA
20.79,2738,temp,NA
20.79,2739,temp,NA
20.79,2740,temp,NA
20.79,2741,temp,NA
20.79,2742,temp,NA
20.79,2743,temp,NA
20.79,2744,temp,NA
20.79,2745,temp,NA
20.79,2746,temp,NA
20.79,2747,temp,NA
20.79,2748,temp,NA
20.79,2749,temp,NA
20.79,2750,temp,NA
20.79,2751,temp,NA
20.79,2752,temp,NA
20.79,2753,temp,NA
20.79,2754,temp,NA
20.79,2755,temp,NA
20.79,2756,temp,NA
20.79,2757,temp,NA
20.79,2758,temp,NA
20.79,2759,temp,NA
20.79,2760,temp,NA
20.79,2761,temp,NA
20.79,2762,temp,NA
20.79,2763,temp,NA
20.79,2764,temp,NA
20.79,2765,temp,NA
20.79,2766,temp,NA
20.79,2767,temp,NA
20.09,2768,temp,NA
20.09,2769,temp,NA
20.09,2770,temp,NA
20.09,2771,temp,NA
20.09,2772,temp,NA
20.09,2773,temp,NA
20.09,2774,temp,NA
20.09,2775,temp,NA
20.09,2776,temp,NA
20.09,2777,temp,NA
20.09,2778,temp,NA
20.09,2779,temp,NA
20.09,2780,temp,NA
20.09,2781,temp,NA
20.09,2782,temp,NA
20.09,2783,temp,NA
20.09,2784,temp,NA
20.09,2785,temp,NA
20.09,2786,temp,NA
20.09,2787,temp,NA
20.09,2788,temp,NA
20.09,2789,temp,NA
20.09,2790,temp,NA
20.09,2791,temp,NA
20.09,2792,temp,NA
20.09,2793,temp,NA
20.09,2794,temp,NA
20.09,2795,temp,NA
20.09,2796,temp,NA
20.09,2797,temp,NA
20.09,2798,temp,NA
16.23,2799,temp,NA
16.23,2800,temp,NA
16.23,2801,temp,NA
16.23,2802,temp,NA
16.23,2803,temp,NA
16.23,2804,temp,NA
16.23,2805,temp,NA
16.23,2806,temp,NA
16.23,2807,temp,NA
16.23,2808,temp,NA
16.23,2809,temp,NA
16.23,2810,temp,NA
16.23,2811,temp,NA
16.23,2812,temp,NA
16.23,2813,temp,NA
16.23,2814,temp,NA
16.23,2815,temp,NA
16.23,2816,temp,NA
16.23,2817,temp,NA
16.23,2818,temp,NA
16.23,2819,temp,NA
16.23,2820,temp,NA
16.23,2821,temp,NA
16.23,2822,temp,NA
16.23,2823,temp,NA
16.23,2824,temp,NA
16.23,2825,temp,NA
16.23,2826,temp,NA
16.23,2827,temp,NA
16.23,2828,temp,NA
9.82,2829,temp,NA
9.82,2830,temp,NA
9.82,2831,temp,NA
9.82,2832,temp,NA
9.82,2833,temp,NA
9.82,2834,temp,NA
9.82,2835,temp,NA
9.82,2836,temp,NA
9.82,2837,temp,NA
9.82,2838,temp,NA
9.82,2839,temp,NA
9.82,2840,temp,NA
9.82,2841,temp,NA
9.82,2842,temp,NA
9.82,2843,temp,NA
9.82,2844,temp,NA
9.82,2845,temp,NA
9.82,2846,temp,NA
9.82,2847,temp,NA
9.82,2848,temp,NA
9.82,2849,temp,NA
9.82,2850,temp,NA
9.82,2851,temp,NA
9.82,2852,temp,NA
9.82,2853,temp,NA
9.82,2854,temp,NA
9.82,2855,temp,NA
9.82,2856,temp,NA
9.82,2857,temp,NA
9.82,2858,temp,NA
9.82,2859,temp,NA
4.21,2860,temp,NA
4.21,2861,temp,NA
4.21,2862,temp,NA
4.21,2863,temp,NA
4.21,2864,temp,NA
4.21,2865,temp,NA
4.21,2866,temp,NA
4.21,2867,temp,NA
4.21,2868,temp,NA
4.21,2869,temp,NA
4.21,2870,temp,NA
4.21,2871,temp,NA
4.21,2872,temp,NA
4.21,2873,temp,NA
4.21,2874,temp,NA
4.21,2875,temp,NA
4.21,2876,temp,NA
4.21,2877,temp,NA
4.21,2878,temp,NA
4.21,2879,temp,NA
4.21,2880,temp,NA
4.21,2881,temp,NA
4.21,2882,temp,NA
4.21,2883,temp,NA
4.21,2884,temp,NA
4.21,2885,temp,NA
4.21,2886,temp,NA
4.21,2887,temp,NA
4.21,2888,temp,NA
4.21,2889,temp,NA
-0,2890,temp,NA
-0,2891,temp,NA
-0,2892,temp,NA
-0,2893,temp,NA
-0,2894,temp,NA
-0,2895,temp,NA
-0,2896,temp,NA
-0,2897,temp,NA
-0,2898,temp,NA
-0,2899,temp,NA
-0,2900,temp,NA
-0,2901,temp,NA
-0,2902,temp,NA
-0,2903,temp,NA
-0,2904,temp,NA
-0,2905,temp,NA
-0,2906,temp,NA
-0,2907,temp,NA
-0,2908,temp,NA
-0,2909,temp,NA
-0,2910,temp,NA
-0,2911,temp,NA
-0,2912,temp,NA
-0,2913,temp,NA
-0,2914,temp,NA
-0,2915,temp,NA
-0,2916,temp,NA
-0,2917,temp,NA
-0,2918,temp,NA
-0,2919,temp,NA
-0,2920,temp,NA
-0,2921,temp,NA
-0,2922,temp,NA
-0,2923,temp,NA
-0,2924,temp,NA
-0,2925,temp,NA
-0,2926,temp,NA
-0,2927,temp,NA
-0,2928,temp,NA
-0,2929,temp,NA
-0,2930,temp,NA
-0,2931,temp,NA
-0,2932,temp,NA
-0,2933,temp,NA
-0,2934,temp,NA
-0,2935,temp,NA
-0,2936,temp,NA
-0,2937,temp,NA
-0,2938,temp,NA
-0,2939,temp,NA
-0,2940,temp,NA
-0,2941,temp,NA
-0,2942,temp,NA
-0,2943,temp,NA
-0,2944,temp,NA
-0,2945,temp,NA
-0,2946,temp,NA
-0,2947,temp,NA
-0,2948,temp,NA
-0,2949,temp,NA
-0,2950,temp,NA
-0,2951,temp,NA
-0,2952,temp,NA
-0,2953,temp,NA
-0,2954,temp,NA
-0,2955,temp,NA
-0,2956,temp,NA
-0,2957,temp,NA
-0,2958,temp,NA
-0,2959,temp,NA
-0,2960,temp,NA
-0,2961,temp,NA
-0,2962,temp,NA
-0,2963,temp,NA
-0,2964,temp,NA
-0,2965,temp,NA
-0,2966,temp,NA
-0,2967,temp,NA
-0,2968,temp,NA
-0,2969,temp,NA
-0,2970,temp,NA
-0,2971,temp,NA
-0,2972,temp,NA
-0,2973,temp,NA
-0,2974,temp,NA
-0,2975,temp,NA
-0,2976,temp,NA
-0,2977,temp,NA
-0,2978,temp,NA
-0,2979,temp,NA
0.26,2980,temp,NA
0.26,2981,temp,NA
0.26,2982,temp,NA
0.26,2983,temp,NA
0.26,2984,temp,NA
0.26,2985,temp,NA
0.26,2986,temp,NA
0.26,2987,temp,NA
0.26,2988,temp,NA
0.26,2989,temp,NA
0.26,2990,temp,NA
0.26,2991,temp,NA
0.26,2992,temp,NA
0.26,2993,temp,NA
0.26,2994,temp,NA
0.26,2995,temp,NA
0.26,2996,temp,NA
0.26,2997,temp,NA
0.26,2998,temp,NA
0.26,2999,temp,NA
0.26,3000,temp,NA
0.26,3001,temp,NA
0.26,3002,temp,NA
0.26,3003,temp,NA
0.26,3004,temp,NA
0.26,3005,temp,NA
0.26,3006,temp,NA
0.26,3007,temp,NA
0.26,3008,temp,NA
0.26,3009,temp,NA
0.26,3010,temp,NA
6.23,3011,temp,NA
6.23,3012,temp,NA
6.23,3013,temp,NA
6.23,3014,temp,NA
6.23,3015,temp,NA
6.23,3016,temp,NA
6.23,3017,temp,NA
6.23,3018,temp,NA
6.23,3019,temp,NA
6.23,3020,temp,NA
6.23,3021,temp,NA
6.23,3022,temp,NA
6.23,3023,temp,NA
6.23,3024,temp,NA
6.23,3025,temp,NA
6.23,3026,temp,NA
6.23,3027,temp,NA
6.23,3028,temp,NA
6.23,3029,temp,NA
6.23,3030,temp,NA
6.23,3031,temp,NA
6.23,3032,temp,NA
6.23,3033,temp,NA
6.23,3034,temp,NA
6.23,3035,temp,NA
6.23,3036,temp,NA
6.23,3037,temp,NA
6.23,3038,temp,NA
6.23,3039,temp,NA
6.23,3040,temp,NA
12.54,3041,temp,NA
12.54,3042,temp,NA
12.54,3043,temp,NA
12.54,3044,temp,NA
12.54,3045,temp,NA
12.54,3046,temp,NA
12.54,3047,temp,NA
12.54,3048,temp,NA
12.54,3049,temp,NA
12.54,3050,temp,NA
12.54,3051,temp,NA
12.54,3052,temp,NA
12.54,3053,temp,NA
12.54,3054,temp,NA
12.54,3055,temp,NA
12.54,3056,temp,NA
12.54,3057,temp,NA
12.54,3058,temp,NA
12.54,3059,temp,NA
12.54,3060,temp,NA
12.54,3061,temp,NA
12.54,3062,temp,NA
12.54,3063,temp,NA
12.54,3064,temp,NA
12.54,3065,temp,NA
12.54,3066,temp,NA
12.54,3067,temp,NA
12.54,3068,temp,NA
12.54,3069,temp,NA
12.54,3070,temp,NA
12.54,3071,temp,NA
17.72,3072,temp,NA
17.72,3073,temp,NA
17.72,3074,temp,NA
17.72,3075,temp,NA
17.72,3076,temp,NA
17.72,3077,temp,NA
17.72,3078,temp,NA
17.72,3079,temp,NA
17.72,3080,temp,NA
17.72,3081,temp,NA
17.72,3082,temp,NA
17.72,3083,temp,NA
17.72,3084,temp,NA
17.72,3085,temp,NA
17.72,3086,temp,NA
17.72,3087,temp,NA
17.72,3088,temp,NA
17.72,3089,temp,NA
17.72,3090,temp,NA
17.72,3091,temp,NA
17.72,3092,temp,NA
17.72,3093,temp,NA
17.72,3094,temp,NA
17.72,3095,temp,NA
17.72,3096,temp,NA
17.72,3097,temp,NA
17.72,3098,temp,NA
17.72,3099,temp,NA
17.72,3100,temp,NA
17.72,3101,temp,NA
20.79,3102,temp,NA
20.79,3103,temp,NA
20.79,3104,temp,NA
20.79,3105,temp,NA
20.79,3106,temp,NA
20.79,3107,temp,NA
20.79,3108,temp,NA
20.79,3109,temp,NA
20.79,3110,temp,NA
20.79,3111,temp,NA
20.79,3112,temp,NA
20.79,3113,temp,NA
20.79,3114,temp,NA
20.79,3115,temp,NA
20.79,3116,temp,NA
20.79,3117,temp,NA
20.79,3118,temp,NA
20.79,3119,temp,NA
20.79,3120,temp,NA
20.79,3121,temp,NA
20.79,3122,temp,NA
20.79,3123,temp,NA
20.79,3124,temp,NA
20.79,3125,temp,NA
20.79,3126,temp,NA
20.79,3127,temp,NA
20.79,3128,temp,NA
20.79,3129,temp,NA
20.79,3130,temp,NA
20.79,3131,temp,NA
20.79,3132,temp,NA
20.09,3133,temp,NA
20.09,3134,temp,NA
20.09,3135,temp,NA
20.09,3136,temp,NA
20.09,3137,temp,NA
20.09,3138,temp,NA
20.09,3139,temp,NA
20.09,3140,temp,NA
20.09,3141,temp,NA
20.09,3142,temp,NA
20.09,3143,temp,NA
20.09,3144,temp,NA
20.09,3145,temp,NA
20.09,3146,temp,NA
20.09,3147,temp,NA
20.09,3148,temp,NA
20.09,3149,temp,NA
20.09,3150,temp,NA
20.09,3151,temp,NA
20.09,3152,temp,NA
20.09,3153,temp,NA
20.09,3154,temp,NA
20.09,3155,temp,NA
20.09,3156,temp,NA
20.09,3157,temp,NA
20.09,3158,temp,NA
20.09,3159,temp,NA
20.09,3160,temp,NA
20.09,3161,temp,NA
20.09,3162,temp,NA
20.09,3163,temp,NA
16.23,3164,temp,NA
16.23,3165,temp,NA
16.23,3166,temp,NA
16.23,3167,temp,NA
16.23,3168,temp,NA
16.23,3169,temp,NA
16.23,3170,temp,NA
16.23,3171,temp,NA
16.23,3172,temp,NA
16.23,3173,temp,NA
16.23,3174,temp,NA
16.23,3175,temp,NA
16.23,3176,temp,NA
16.23,3177,temp,NA
16.23,3178,temp,NA
16.23,3179,temp,NA
16.23,3180,temp,NA
16.23,3181,temp,NA
16.23,3182,temp,NA
16.23,3183,temp,NA
16.23,3184,temp,NA
16.23,3185,temp,NA
16.23,3186,temp,NA
16.23,3187,temp,NA
16.23,3188,temp,NA
16.23,3189,temp,NA
16.23,3190,temp,NA
16.23,3191,temp,NA
16.23,3192,temp,NA
16.23,3193,temp,NA
9.82,3194,temp,NA
9.82,3195,temp,NA
9.82,3196,temp,NA
9.82,3197,temp,NA
9.82,3198,temp,NA
9.82,3199,temp,NA
9.82,3200,temp,NA
9.82,3201,temp,NA
9.82,3202,temp,NA
9.82,3203,temp,NA
9.82,3204,temp,NA
9.82,3205,temp,NA
9.82,3206,temp,NA
9.82,3207,temp,NA
9.82,3208,temp,NA
9.82,3209,temp,NA
9.82,3210,temp,NA
9.82,3211,temp,NA
9.82,3212,temp,NA
9.82,3213,temp,NA
9.82,3214,temp,NA
9.82,3215,temp,NA
9.82,3216,temp,NA
9.82,3217,temp,NA
9.82,3218,temp,NA
9.82,3219,temp,NA
9.82,3220,temp,NA
9.82,3221,temp,NA
9.82,3222,temp,NA
9.82,3223,temp,NA
9.82,3224,temp,NA
4.21,3225,temp,NA
4.21,3226,temp,NA
4.21,3227,temp,NA
4.21,3228,temp,NA
4.21,3229,temp,NA
4.21,3230,temp,NA
4.21,3231,temp,NA
4.21,3232,temp,NA
4.21,3233,temp,NA
4.21,3234,temp,NA
4.21,3235,temp,NA
4.21,3236,temp,NA
4.21,3237,temp,NA
4.21,3238,temp,NA
4.21,3239,temp,NA
4.21,3240,temp,NA
4.21,3241,temp,NA
4.21,3242,temp,NA
4.21,3243,temp,NA
4.21,3244,temp,NA
4.21,3245,temp,NA
4.21,3246,temp,NA
4.21,3247,temp,NA
4.21,3248,temp,NA
4.21,3249,temp,NA
4.21,3250,temp,NA
4.21,3251,temp,NA
4.21,3252,temp,NA
4.21,3253,temp,NA
4.21,3254,temp,NA
-0,3255,temp,NA
-0,3256,temp,NA
-0,3257,temp,NA
-0,3258,temp,NA
-0,3259,temp,NA
-0,3260,temp,NA
-0,3261,temp,NA
-0,3262,temp,NA
-0,3263,temp,NA
-0,3264,temp,NA
-0,3265,temp,NA
-0,3266,temp,NA
-0,3267,temp,NA
-0,3268,temp,NA
-0,3269,temp,NA
-0,3270,temp,NA
-0,3271,temp,NA
-0,3272,temp,NA
-0,3273,temp,NA
-0,3274,temp,NA
-0,3275,temp,NA
-0,3276,temp,NA
-0,3277,temp,NA
-0,3278,temp,NA
-0,3279,temp,NA
-0,3280,temp,NA
-0,3281,temp,NA
-0,3282,temp,NA
-0,3283,temp,NA
-0,3284,temp,NA
-0,3285,temp,NA
-0,3286,temp,NA
-0,3287,temp,NA
-0,3288,temp,NA
-0,3289,temp,NA
-0,3290,temp,NA
-0,3291,temp,NA
-0,3292,temp,NA
-0,3293,temp,NA
-0,3294,temp,NA
-0,3295,temp,NA
-0,3296,temp,NA
-0,3297,temp,NA
-0,3298,temp,NA
-0,3299,temp,NA
-0,3300,temp,NA
-0,3301,temp,NA
-0,3302,temp,NA
-0,3303,temp,NA
-0,3304,temp,NA
-0,3305,temp,NA
-0,3306,temp,NA
-0,3307,temp,NA
-0,3308,temp,NA
-0,3309,temp,NA
-0,3310,temp,NA
-0,3311,temp,NA
-0,3312,temp,NA
-0,3313,temp,NA
-0,3314,temp,NA
-0,3315,temp,NA
-0,3316,temp,NA
-0,3317,temp,NA
-0,3318,temp,NA
-0,3319,temp,NA
-0,3320,temp,NA
-0,3321,temp,NA
-0,3322,temp,NA
-0,3323,temp,NA
-0,3324,temp,NA
-0,3325,temp,NA
-0,3326,temp,NA
-0,3327,temp,NA
-0,3328,temp,NA
-0,3329,temp,NA
-0,3330,temp,NA
-0,3331,temp,NA
-0,3332,temp,NA
-0,3333,temp,NA
-0,3334,temp,NA
-0,3335,temp,NA
-0,3336,temp,NA
-0,3337,temp,NA
-0,3338,temp,NA
-0,3339,temp,NA
-0,3340,temp,NA
-0,3341,temp,NA
-0,3342,temp,NA
-0,3343,temp,NA
-0,3344,temp,NA
0.26,3345,temp,NA
0.26,3346,temp,NA
0.26,3347,temp,NA
0.26,3348,temp,NA
0.26,3349,temp,NA
0.26,3350,temp,NA
0.26,3351,temp,NA
0.26,3352,temp,NA
0.26,3353,temp,NA
0.26,3354,temp,NA
0.26,3355,temp,NA
0.26,3356,temp,NA
0.26,3357,temp,NA
0.26,3358,temp,NA
0.26,3359,temp,NA
0.26,3360,temp,NA
0.26,3361,temp,NA
0.26,3362,temp,NA
0.26,3363,temp,NA
0.26,3364,temp,NA
0.26,3365,temp,NA
0.26,3366,temp,NA
0.26,3367,temp,NA
0.26,3368,temp,NA
0.26,3369,temp,NA
0.26,3370,temp,NA
0.26,3371,temp,NA
0.26,3372,temp,NA
0.26,3373,temp,NA
0.26,3374,temp,NA
0.26,3375,temp,NA
6.23,3376,temp,NA
6.23,3377,temp,NA
6.23,3378,temp,NA
6.23,3379,temp,NA
6.23,3380,temp,NA
6.23,3381,temp,NA
6.23,3382,temp,NA
6.23,3383,temp,NA
6.23,3384,temp,NA
6.23,3385,temp,NA
6.23,3386,temp,NA
6.23,3387,temp,NA
6.23,3388,temp,NA
6.23,3389,temp,NA
6.23,3390,temp,NA
6.23,3391,temp,NA
6.23,3392,temp,NA
6.23,3393,temp,NA
6.23,3394,temp,NA
6.23,3395,temp,NA
6.23,3396,temp,NA
6.23,3397,temp,NA
6.23,3398,temp,NA
6.23,3399,temp,NA
6.23,3400,temp,NA
6.23,3401,temp,NA
6.23,3402,temp,NA
6.23,3403,temp,NA
6.23,3404,temp,NA
6.23,3405,temp,NA
12.54,3406,temp,NA
12.54,3407,temp,NA
12.54,3408,temp,NA
12.54,3409,temp,NA
12.54,3410,temp,NA
12.54,3411,temp,NA
12.54,3412,temp,NA
12.54,3413,temp,NA
12.54,3414,temp,NA
12.54,3415,temp,NA
12.54,3416,temp,NA
12.54,3417,temp,NA
12.54,3418,temp,NA
12.54,3419,temp,NA
12.54,3420,temp,NA
12.54,3421,temp,NA
12.54,3422,temp,NA
12.54,3423,temp,NA
12.54,3424,temp,NA
12.54,3425,temp,NA
12.54,3426,temp,NA
12.54,3427,temp,NA
12.54,3428,temp,NA
12.54,3429,temp,NA
12.54,3430,temp,NA
12.54,3431,temp,NA
12.54,3432,temp,NA
12.54,3433,temp,NA
12.54,3434,temp,NA
12.54,3435,temp,NA
12.54,3436,temp,NA
17.72,3437,temp,NA
17.72,3438,temp,NA
17.72,3439,temp,NA
17.72,3440,temp,NA
17.72,3441,temp,NA
17.72,3442,temp,NA
17.72,3443,temp,NA
17.72,3444,temp,NA
17.72,3445,temp,NA
17.72,3446,temp,NA
17.72,3447,temp,NA
17.72,3448,temp,NA
17.72,3449,temp,NA
17.72,3450,temp,NA
17.72,3451,temp,NA
17.72,3452,temp,NA
17.72,3453,temp,NA
17.72,3454,temp,NA
17.72,3455,temp,NA
17.72,3456,temp,NA
17.72,3457,temp,NA
17.72,3458,temp,NA
17.72,3459,temp,NA
17.72,3460,temp,NA
17.72,3461,temp,NA
17.72,3462,temp,NA
17.72,3463,temp,NA
17.72,3464,temp,NA
17.72,3465,temp,NA
17.72,3466,temp,NA
20.79,3467,temp,NA
20.79,3468,temp,NA
20.79,3469,temp,NA
20.79,3470,temp,NA
20.79,3471,temp,NA
20.79,3472,temp,NA
20.79,3473,temp,NA
20.79,3474,temp,NA
20.79,3475,temp,NA
20.79,3476,temp,NA
20.79,3477,temp,NA
20.79,3478,temp,NA
20.79,3479,temp,NA
20.79,3480,temp,NA
20.79,3481,temp,NA
20.79,3482,temp,NA
20.79,3483,temp,NA
20.79,3484,temp,NA
20.79,3485,temp,NA
20.79,3486,temp,NA
20.79,3487,temp,NA
20.79,3488,temp,NA
20.79,3489,temp,NA
20.79,3490,temp,NA
20.79,3491,temp,NA
20.79,3492,temp,NA
20.79,3493,temp,NA
20.79,3494,temp,NA
20.79,3495,temp,NA
20.79,3496,temp,NA
20.79,3497,temp,NA
20.09,3498,temp,NA
20.09,3499,temp,NA
20.09,3500,temp,NA
20.09,3501,temp,NA
20.09,3502,temp,NA
20.09,3503,temp,NA
20.09,3504,temp,NA
20.09,3505,temp,NA
20.09,3506,temp,NA
20.09,3507,temp,NA
20.09,3508,temp,NA
20.09,3509,temp,NA
20.09,3510,temp,NA
20.09,3511,temp,NA
20.09,3512,temp,NA
20.09,3513,temp,NA
20.09,3514,temp,NA
20.09,3515,temp,NA
20.09,3516,temp,NA
20.09,3517,temp,NA
20.09,3518,temp,NA
20.09,3519,temp,NA
20.09,3520,temp,NA
20.09,3521,temp,NA
20.09,3522,temp,NA
20.09,3523,temp,NA
20.09,3524,temp,NA
20.09,3525,temp,NA
20.09,3526,temp,NA
20.09,3527,temp,NA
20.09,3528,temp,NA
16.23,3529,temp,NA
16.23,3530,temp,NA
16.23,3531,temp,NA
16.23,3532,temp,NA
16.23,3533,temp,NA
16.23,3534,temp,NA
16.23,3535,temp,NA
16.23,3536,temp,NA
16.23,3537,temp,NA
16.23,3538,temp,NA
16.23,3539,temp,NA
16.23,3540,temp,NA
16.23,3541,temp,NA
16.23,3542,temp,NA
16.23,3543,temp,NA
16.23,3544,temp,NA
16.23,3545,temp,NA
16.23,3546,temp,NA
16.23,3547,temp,NA
16.23,3548,temp,NA
16.23,3549,temp,NA
16.23,3550,temp,NA
16.23,3551,temp,NA
16.23,3552,temp,NA
16.23,3553,temp,NA
16.23,3554,temp,NA
16.23,3555,temp,NA
16.23,3556,temp,NA
16.23,3557,temp,NA
16.23,3558,temp,NA
9.82,3559,temp,NA
9.82,3560,temp,NA
9.82,3561,temp,NA
9.82,3562,temp,NA
9.82,3563,temp,NA
9.82,3564,temp,NA
9.82,3565,temp,NA
9.82,3566,temp,NA
9.82,3567,temp,NA
9.82,3568,temp,NA
9.82,3569,temp,NA
9.82,3570,temp,NA
9.82,3571,temp,NA
9.82,3572,temp,NA
9.82,3573,temp,NA
9.82,3574,temp,NA
9.82,3575,temp,NA
9.82,3576,temp,NA
9.82,3577,temp,NA
9.82,3578,temp,NA
9.82,3579,temp,NA
9.82,3580,temp,NA
9.82,3581,temp,NA
9.82,3582,temp,NA
9.82,3583,temp,NA
9.82,3584,temp,NA
9.82,3585,temp,NA
9.82,3586,temp,NA
9.82,3587,temp,NA
9.82,3588,temp,NA
9.82,3589,temp,NA
4.21,3590,temp,NA
4.21,3591,temp,NA
4.21,3592,temp,NA
4.21,3593,temp,NA
4.21,3594,temp,NA
4.21,3595,temp,NA
4.21,3596,temp,NA
4.21,3597,temp,NA
4.21,3598,temp,NA
4.21,3599,temp,NA
4.21,3600,temp,NA
4.21,3601,temp,NA
4.21,3602,temp,NA
4.21,3603,temp,NA
4.21,3604,temp,NA
4.21,3605,temp,NA
4.21,3606,temp,NA
4.21,3607,temp,NA
4.21,3608,temp,NA
4.21,3609,temp,NA
4.21,3610,temp,NA
4.21,3611,temp,NA
4.21,3612,temp,NA
4.21,3613,temp,NA
4.21,3614,temp,NA
4.21,3615,temp,NA
4.21,3616,temp,NA
4.21,3617,temp,NA
4.21,3618,temp,NA
4.21,3619,temp,NA
-0,3620,temp,NA
-0,3621,temp,NA
-0,3622,temp,NA
-0,3623,temp,NA
-0,3624,temp,NA
-0,3625,temp,NA
-0,3626,temp,NA
-0,3627,temp,NA
-0,3628,temp,NA
-0,3629,temp,NA
-0,3630,temp,NA
-0,3631,temp,NA
-0,3632,temp,NA
-0,3633,temp,NA
-0,3634,temp,NA
-0,3635,temp,NA
-0,3636,temp,NA
-0,3637,temp,NA
-0,3638,temp,NA
-0,3639,temp,NA
-0,3640,temp,NA
-0,3641,temp,NA
-0,3642,temp,NA
-0,3643,temp,NA
-0,3644,temp,NA
-0,3645,temp,NA
-0,3646,temp,NA
-0,3647,temp,NA
-0,3648,temp,NA
-0,3649,temp,NA
-0,3650,temp,NA
-0,3651,temp,NA
-0,3652,temp,NA
-0,3653,temp,NA
-0,3654,temp,NA
-0,3655,temp,NA
-0,3656,temp,NA
-0,3657,temp,NA
-0,3658,temp,NA
-0,3659,temp,NA
-0,3660,temp,NA
-0,3661,temp,NA
-0,3662,temp,NA
-0,3663,temp,NA
-0,3664,temp,NA
-0,3665,temp,NA
-0,3666,temp,NA
-0,3667,temp,NA
-0,3668,temp,NA
-0,3669,temp,NA
-0,3670,temp,NA
-0,3671,temp,NA
-0,3672,temp,NA
-0,3673,temp,NA
-0,3674,temp,NA
-0,3675,temp,NA
-0,3676,temp,NA
-0,3677,temp,NA
-0,3678,temp,NA
-0,3679,temp,NA
-0,3680,temp,NA
-0,3681,temp,NA
-0,3682,temp,NA
-0,3683,temp,NA
-0,3684,temp,NA
-0,3685,temp,NA
-0,3686,temp,NA
-0,3687,temp,NA
-0,3688,temp,NA
-0,3689,temp,NA
-0,3690,temp,NA
-0,3691,temp,NA
-0,3692,temp,NA
-0,3693,temp,NA
-0,3694,temp,NA
-0,3695,temp,NA
-0,3696,temp,NA
-0,3697,temp,NA
-0,3698,temp,NA
-0,3699,temp,NA
-0,3700,temp,NA
-0,3701,temp,NA
-0,3702,temp,NA
-0,3703,temp,NA
-0,3704,temp,NA
-0,3705,temp,NA
-0,3706,temp,NA
-0,3707,temp,NA
-0,3708,temp,NA
-0,3709,temp,NA
0.26,3710,temp,NA
0.26,3711,temp,NA
0.26,3712,temp,NA
0.26,3713,temp,NA
0.26,3714,temp,NA
0.26,3715,temp,NA
0.26,3716,temp,NA
0.26,3717,temp,NA
0.26,3718,temp,NA
0.26,3719,temp,NA
0.26,3720,temp,NA
0.26,3721,temp,NA
0.26,3722,temp,NA
0.26,3723,temp,NA
0.26,3724,temp,NA
0.26,3725,temp,NA
0.26,3726,temp,NA
0.26,3727,temp,NA
0.26,3728,temp,NA
0.26,3729,temp,NA
0.26,3730,temp,NA
0.26,3731,temp,NA
0.26,3732,temp,NA
0.26,3733,temp,NA
0.26,3734,temp,NA
0.26,3735,temp,NA
0.26,3736,temp,NA
0.26,3737,temp,NA
0.26,3738,temp,NA
0.26,3739,temp,NA
0.26,3740,temp,NA
6.23,3741,temp,NA
6.23,3742,temp,NA
6.23,3743,temp,NA
6.23,3744,temp,NA
6.23,3745,temp,NA
6.23,3746,temp,NA
6.23,3747,temp,NA
6.23,3748,temp,NA
6.23,3749,temp,NA
6.23,3750,temp,NA
6.23,3751,temp,NA
6.23,3752,temp,NA
6.23,3753,temp,NA
6.23,3754,temp,NA
6.23,3755,temp,NA
6.23,3756,temp,NA
6.23,3757,temp,NA
6.23,3758,temp,NA
6.23,3759,temp,NA
6.23,3760,temp,NA
6.23,3761,temp,NA
6.23,3762,temp,NA
6.23,3763,temp,NA
6.23,3764,temp,NA
6.23,3765,temp,NA
6.23,3766,temp,NA
6.23,3767,temp,NA
6.23,3768,temp,NA
6.23,3769,temp,NA
6.23,3770,temp,NA
12.54,3771,temp,NA
12.54,3772,temp,NA
12.54,3773,temp,NA
12.54,3774,temp,NA
12.54,3775,temp,NA
12.54,3776,temp,NA
12.54,3777,temp,NA
12.54,3778,temp,NA
12.54,3779,temp,NA
12.54,3780,temp,NA
12.54,3781,temp,NA
12.54,3782,temp,NA
12.54,3783,temp,NA
12.54,3784,temp,NA
12.54,3785,temp,NA
12.54,3786,temp,NA
12.54,3787,temp,NA
12.54,3788,temp,NA
12.54,3789,temp,NA
12.54,3790,temp,NA
12.54,3791,temp,NA
12.54,3792,temp,NA
12.54,3793,temp,NA
12.54,3794,temp,NA
12.54,3795,temp,NA
12.54,3796,temp,NA
12.54,3797,temp,NA
12.54,3798,temp,NA
12.54,3799,temp,NA
12.54,3800,temp,NA
12.54,3801,temp,NA
17.72,3802,temp,NA
17.72,3803,temp,NA
17.72,3804,temp,NA
17.72,3805,temp,NA
17.72,3806,temp,NA
17.72,3807,temp,NA
17.72,3808,temp,NA
17.72,3809,temp,NA
17.72,3810,temp,NA
17.72,3811,temp,NA
17.72,3812,temp,NA
17.72,3813,temp,NA
17.72,3814,temp,NA
17.72,3815,temp,NA
17.72,3816,temp,NA
17.72,3817,temp,NA
17.72,3818,temp,NA
17.72,3819,temp,NA
17.72,3820,temp,NA
17.72,3821,temp,NA
17.72,3822,temp,NA
17.72,3823,temp,NA
17.72,3824,temp,NA
17.72,3825,temp,NA
17.72,3826,temp,NA
17.72,3827,temp,NA
17.72,3828,temp,NA
17.72,3829,temp,NA
17.72,3830,temp,NA
17.72,3831,temp,NA
20.79,3832,temp,NA
20.79,3833,temp,NA
20.79,3834,temp,NA
20.79,3835,temp,NA
20.79,3836,temp,NA
20.79,3837,temp,NA
20.79,3838,temp,NA
20.79,3839,temp,NA
20.79,3840,temp,NA
20.79,3841,temp,NA
20.79,3842,temp,NA
20.79,3843,temp,NA
20.79,3844,temp,NA
20.79,3845,temp,NA
20.79,3846,temp,NA
20.79,3847,temp,NA
20.79,3848,temp,NA
20.79,3849,temp,NA
20.79,3850,temp,NA
20.79,3851,temp,NA
20.79,3852,temp,NA
20.79,3853,temp,NA
20.79,3854,temp,NA
20.79,3855,temp,NA
20.79,3856,temp,NA
20.79,3857,temp,NA
20.79,3858,temp,NA
20.79,3859,temp,NA
20.79,3860,temp,NA
20.79,3861,temp,NA
20.79,3862,temp,NA
20.09,3863,temp,NA
20.09,3864,temp,NA
20.09,3865,temp,NA
20.09,3866,temp,NA
20.09,3867,temp,NA
20.09,3868,temp,NA
20.09,3869,temp,NA
20.09,3870,temp,NA
20.09,3871,temp,NA
20.09,3872,temp,NA
20.09,3873,temp,NA
20.09,3874,temp,NA
20.09,3875,temp,NA
20.09,3876,temp,NA
20.09,3877,temp,NA
20.09,3878,temp,NA
20.09,3879,temp,NA
20.09,3880,temp,NA
20.09,3881,temp,NA
20.09,3882,temp,NA
20.09,3883,temp,NA
20.09,3884,temp,NA
20.09,3885,temp,NA
20.09,3886,temp,NA
20.09,3887,temp,NA
20.09,3888,temp,NA
20.09,3889,temp,NA
20.09,3890,temp,NA
20.09,3891,temp,NA
20.09,3892,temp,NA
20.09,3893,temp,NA
16.23,3894,temp,NA
16.23,3895,temp,NA
16.23,3896,temp,NA
16.23,3897,temp,NA
16.23,3898,temp,NA
16.23,3899,temp,NA
16.23,3900,temp,NA
16.23,3901,temp,NA
16.23,3902,temp,NA
16.23,3903,temp,NA
16.23,3904,temp,NA
16.23,3905,temp,NA
16.23,3906,temp,NA
16.23,3907,temp,NA
16.23,3908,temp,NA
16.23,3909,temp,NA
16.23,3910,temp,NA
16.23,3911,temp,NA
16.23,3912,temp,NA
16.23,3913,temp,NA
16.23,3914,temp,NA
16.23,3915,temp,NA
16.23,3916,temp,NA
16.23,3917,temp,NA
16.23,3918,temp,NA
16.23,3919,temp,NA
16.23,3920,temp,NA
16.23,3921,temp,NA
16.23,3922,temp,NA
16.23,3923,temp,NA
9.82,3924,temp,NA
9.82,3925,temp,NA
9.82,3926,temp,NA
9.82,3927,temp,NA
9.82,3928,temp,NA
9.82,3929,temp,NA
9.82,3930,temp,NA
9.82,3931,temp,NA
9.82,3932,temp,NA
9.82,3933,temp,NA
9.82,3934,temp,NA
9.82,3935,temp,NA
9.82,3936,temp,NA
9.82,3937,temp,NA
9.82,3938,temp,NA
9.82,3939,temp,NA
9.82,3940,temp,NA
9.82,3941,temp,NA
9.82,3942,temp,NA
9.82,3943,temp,NA
9.82,3944,temp,NA
9.82,3945,temp,NA
9.82,3946,temp,NA
9.82,3947,temp,NA
9.82,3948,temp,NA
9.82,3949,temp,NA
9.82,3950,temp,NA
9.82,3951,temp,NA
9.82,3952,temp,NA
9.82,3953,temp,NA
9.82,3954,temp,NA
4.21,3955,temp,NA
4.21,3956,temp,NA
4.21,3957,temp,NA
4.21,3958,temp,NA
4.21,3959,temp,NA
4.21,3960,temp,NA
4.21,3961,temp,NA
4.21,3962,temp,NA
4.21,3963,temp,NA
4.21,3964,temp,NA
4.21,3965,temp,NA
4.21,3966,temp,NA
4.21,3967,temp,NA
4.21,3968,temp,NA
4.21,3969,temp,NA
4.21,3970,temp,NA
4.21,3971,temp,NA
4.21,3972,temp,NA
4.21,3973,temp,NA
4.21,3974,temp,NA
4.21,3975,temp,NA
4.21,3976,temp,NA
4.21,3977,temp,NA
4.21,3978,temp,NA
4.21,3979,temp,NA
4.21,3980,temp,NA
4.21,3981,temp,NA
4.21,3982,temp,NA
4.21,3983,temp,NA
4.21,3984,temp,NA
-0,3985,temp,NA
-0,3986,temp,NA
-0,3987,temp,NA
-0,3988,temp,NA
-0,3989,temp,NA
-0,3990,temp,NA
-0,3991,temp,NA
-0,3992,temp,NA
-0,3993,temp,NA
-0,3994,temp,NA
-0,3995,temp,NA
-0,3996,temp,NA
-0,3997,temp,NA
-0,3998,temp,NA
-0,3999,temp,NA
-0,4000,temp,NA
-0,4001,temp,NA
-0,4002,temp,NA
-0,4003,temp,NA
-0,4004,temp,NA
-0,4005,temp,NA
-0,4006,temp,NA
-0,4007,temp,NA
-0,4008,temp,NA
-0,4009,temp,NA
-0,4010,temp,NA
-0,4011,temp,NA
-0,4012,temp,NA
-0,4013,temp,NA
-0,4014,temp,NA
-0,4015,temp,NA
