pred,pred_subcategory,j_day,value
host_den,deer,NA,1
host_den,mouse,NA,5
host_den,squirrel,NA,2
temp,NA,1,25
temp,NA,2,25
temp,NA,3,25
temp,NA,4,25
temp,NA,5,25
temp,NA,6,25
temp,NA,7,25
temp,NA,8,25
temp,NA,9,25
temp,NA,10,25
temp,NA,11,25
temp,NA,12,25
temp,NA,13,25
temp,NA,14,25
temp,NA,15,25
temp,NA,16,25
temp,NA,17,25
temp,NA,18,25
temp,NA,19,25
temp,NA,20,25
temp,NA,21,25
temp,NA,22,25
temp,NA,23,25
temp,NA,24,25
temp,NA,25,25
temp,NA,26,25
temp,NA,27,25
temp,NA,28,25
temp,NA,29,25
temp,NA,30,25
temp,NA,31,25
temp,NA,32,25
temp,NA,33,25
temp,NA,34,25
temp,NA,35,25
temp,NA,36,25
temp,NA,37,25
temp,NA,38,25
temp,NA,39,25
temp,NA,40,25
temp,NA,41,25
temp,NA,42,25
temp,NA,43,25
temp,NA,44,25
temp,NA,45,25
temp,NA,46,25
temp,NA,47,25
temp,NA,48,25
temp,NA,49,25
temp,NA,50,25
temp,NA,51,25
temp,NA,52,25
temp,NA,53,25
temp,NA,54,25
temp,NA,55,25
temp,NA,56,25
temp,NA,57,25
temp,NA,58,25
temp,NA,59,25
temp,NA,60,25
temp,NA,61,25
temp,NA,62,25
temp,NA,63,25
temp,NA,64,25
temp,NA,65,25
temp,NA,66,25
temp,NA,67,25
temp,NA,68,25
temp,NA,69,25
temp,NA,70,25
temp,NA,71,25
temp,NA,72,25
temp,NA,73,25
temp,NA,74,25
temp,NA,75,25
temp,NA,76,25
temp,NA,77,25
temp,NA,78,25
temp,NA,79,25
temp,NA,80,25
temp,NA,81,25
temp,NA,82,25
temp,NA,83,25
temp,NA,84,25
temp,NA,85,25
temp,NA,86,25
temp,NA,87,25
temp,NA,88,25
temp,NA,89,25
temp,NA,90,25
temp,NA,91,25
temp,NA,92,25
temp,NA,93,25
temp,NA,94,25
temp,NA,95,25
temp,NA,96,25
temp,NA,97,25
temp,NA,98,25
temp,NA,99,25
temp,NA,100,25
temp,NA,101,25
temp,NA,102,25
temp,NA,103,25
temp,NA,104,25
temp,NA,105,25
temp,NA,106,25
temp,NA,107,25
temp,NA,108,25
temp,NA,109,25
temp,NA,110,25
temp,NA,111,25
temp,NA,112,25
temp,NA,113,25
temp,NA,114,25
temp,NA,115,25
temp,NA,116,25
temp,NA,117,25
temp,NA,118,25
temp,NA,119,25
temp,NA,120,25
temp,NA,121,25
temp,NA,122,25
temp,NA,123,25
temp,NA,124,25
temp,NA,125,25
temp,NA,126,25
temp,NA,127,25
temp,NA,128,25
temp,NA,129,25
temp,NA,130,25
temp,NA,131,25
temp,NA,132,25
temp,NA,133,25
temp,NA,134,25
temp,NA,135,25
temp,NA,136,25
temp,NA,137,25
temp,NA,138,25
temp,NA,139,25
temp,NA,140,25
temp,NA,141,25
temp,NA,142,25
temp,NA,143,25
temp,NA,144,25
temp,NA,145,25
temp,NA,146,25
temp,NA,147,25
temp,NA,148,25
temp,NA,149,25
temp,NA,150,25
temp,NA,151,25
temp,NA,152,25
temp,NA,153,25
temp,NA,154,25
temp,NA,155,25
temp,NA,156,25
temp,NA,157,25
temp,NA,158,25
temp,NA,159,25
temp,NA,160,25
temp,NA,161,25
temp,NA,162,25
temp,NA,163,25
temp,NA,164,25
temp,NA,165,25
temp,NA,166,25
temp,NA,167,25
temp,NA,168,25
temp,NA,169,25
temp,NA,170,25
temp,NA,171,25
temp,NA,172,25
temp,NA,173,25
temp,NA,174,25
temp,NA,175,25
temp,NA,176,25
temp,NA,177,25
temp,NA,178,25
temp,NA,179,25
temp,NA,180,25
temp,NA,181,25
temp,NA,182,25
temp,NA,183,25
temp,NA,184,25
temp,NA,185,25
temp,NA,186,25
temp,NA,187,25
temp,NA,188,25
temp,NA,189,25
temp,NA,190,25
temp,NA,191,25
temp,NA,192,25
temp,NA,193,25
temp,NA,194,25
temp,NA,195,25
temp,NA,196,25
temp,NA,197,25
temp,NA,198,25
temp,NA,199,25
temp,NA,200,25
temp,NA,201,25
temp,NA,202,25
temp,NA,203,25
temp,NA,204,25
temp,NA,205,25
temp,NA,206,25
temp,NA,207,25
temp,NA,208,25
temp,NA,209,25
temp,NA,210,25
temp,NA,211,25
temp,NA,212,25
temp,NA,213,25
temp,NA,214,25
temp,NA,215,25
temp,NA,216,25
temp,NA,217,25
temp,NA,218,25
temp,NA,219,25
temp,NA,220,25
temp,NA,221,25
temp,NA,222,25
temp,NA,223,25
temp,NA,224,25
temp,NA,225,25
temp,NA,226,25
temp,NA,227,25
temp,NA,228,25
temp,NA,229,25
temp,NA,230,25
temp,NA,231,25
temp,NA,232,25
temp,NA,233,25
temp,NA,234,25
temp,NA,235,25
temp,NA,236,25
temp,NA,237,25
temp,NA,238,25
temp,NA,239,25
temp,NA,240,25
temp,NA,241,25
temp,NA,242,25
temp,NA,243,25
temp,NA,244,25
temp,NA,245,25
temp,NA,246,25
temp,NA,247,25
temp,NA,248,25
temp,NA,249,25
temp,NA,250,25
temp,NA,251,25
temp,NA,252,25
temp,NA,253,25
temp,NA,254,25
temp,NA,255,25
temp,NA,256,25
temp,NA,257,25
temp,NA,258,25
temp,NA,259,25
temp,NA,260,25
temp,NA,261,25
temp,NA,262,25
temp,NA,263,25
temp,NA,264,25
temp,NA,265,25
temp,NA,266,25
temp,NA,267,25
temp,NA,268,25
temp,NA,269,25
temp,NA,270,25
temp,NA,271,25
temp,NA,272,25
temp,NA,273,25
temp,NA,274,25
temp,NA,275,25
temp,NA,276,25
temp,NA,277,25
temp,NA,278,25
temp,NA,279,25
temp,NA,280,25
temp,NA,281,25
temp,NA,282,25
temp,NA,283,25
temp,NA,284,25
temp,NA,285,25
temp,NA,286,25
temp,NA,287,25
temp,NA,288,25
temp,NA,289,25
temp,NA,290,25
temp,NA,291,25
temp,NA,292,25
temp,NA,293,25
temp,NA,294,25
temp,NA,295,25
temp,NA,296,25
temp,NA,297,25
temp,NA,298,25
temp,NA,299,25
temp,NA,300,25
temp,NA,301,25
temp,NA,302,25
temp,NA,303,25
temp,NA,304,25
temp,NA,305,25
temp,NA,306,25
temp,NA,307,25
temp,NA,308,25
temp,NA,309,25
temp,NA,310,25
temp,NA,311,25
temp,NA,312,25
temp,NA,313,25
temp,NA,314,25
temp,NA,315,25
temp,NA,316,25
temp,NA,317,25
temp,NA,318,25
temp,NA,319,25
temp,NA,320,25
temp,NA,321,25
temp,NA,322,25
temp,NA,323,25
temp,NA,324,25
temp,NA,325,25
temp,NA,326,25
temp,NA,327,25
temp,NA,328,25
temp,NA,329,25
temp,NA,330,25
temp,NA,331,25
temp,NA,332,25
temp,NA,333,25
temp,NA,334,25
temp,NA,335,25
temp,NA,336,25
temp,NA,337,25
temp,NA,338,25
temp,NA,339,25
temp,NA,340,25
temp,NA,341,25
temp,NA,342,25
temp,NA,343,25
temp,NA,344,25
temp,NA,345,25
temp,NA,346,25
temp,NA,347,25
temp,NA,348,25
temp,NA,349,25
temp,NA,350,25
temp,NA,351,25
temp,NA,352,25
temp,NA,353,25
temp,NA,354,25
temp,NA,355,25
temp,NA,356,25
temp,NA,357,25
temp,NA,358,25
temp,NA,359,25
temp,NA,360,25
temp,NA,361,25
temp,NA,362,25
temp,NA,363,25
temp,NA,364,25
temp,NA,365,25
temp,NA,366,25
temp,NA,367,25
temp,NA,368,25
temp,NA,369,25
temp,NA,370,25
temp,NA,371,25
temp,NA,372,25
temp,NA,373,25
temp,NA,374,25
temp,NA,375,25
temp,NA,376,25
temp,NA,377,25
temp,NA,378,25
temp,NA,379,25
temp,NA,380,25
temp,NA,381,25
temp,NA,382,25
temp,NA,383,25
temp,NA,384,25
temp,NA,385,25
temp,NA,386,25
temp,NA,387,25
temp,NA,388,25
temp,NA,389,25
temp,NA,390,25
temp,NA,391,25
temp,NA,392,25
temp,NA,393,25
temp,NA,394,25
temp,NA,395,25
temp,NA,396,25
temp,NA,397,25
temp,NA,398,25
temp,NA,399,25
temp,NA,400,25
temp,NA,401,25
temp,NA,402,25
temp,NA,403,25
temp,NA,404,25
temp,NA,405,25
temp,NA,406,25
temp,NA,407,25
temp,NA,408,25
temp,NA,409,25
temp,NA,410,25
temp,NA,411,25
temp,NA,412,25
temp,NA,413,25
temp,NA,414,25
temp,NA,415,25
temp,NA,416,25
temp,NA,417,25
temp,NA,418,25
temp,NA,419,25
temp,NA,420,25
temp,NA,421,25
temp,NA,422,25
temp,NA,423,25
temp,NA,424,25
temp,NA,425,25
temp,NA,426,25
temp,NA,427,25
temp,NA,428,25
temp,NA,429,25
temp,NA,430,25
temp,NA,431,25
temp,NA,432,25
temp,NA,433,25
temp,NA,434,25
temp,NA,435,25
temp,NA,436,25
temp,NA,437,25
temp,NA,438,25
temp,NA,439,25
temp,NA,440,25
temp,NA,441,25
temp,NA,442,25
temp,NA,443,25
temp,NA,444,25
temp,NA,445,25
temp,NA,446,25
temp,NA,447,25
temp,NA,448,25
temp,NA,449,25
temp,NA,450,25
temp,NA,451,25
temp,NA,452,25
temp,NA,453,25
temp,NA,454,25
temp,NA,455,25
temp,NA,456,25
temp,NA,457,25
temp,NA,458,25
temp,NA,459,25
temp,NA,460,25
temp,NA,461,25
temp,NA,462,25
temp,NA,463,25
temp,NA,464,25
temp,NA,465,25
temp,NA,466,25
temp,NA,467,25
temp,NA,468,25
temp,NA,469,25
temp,NA,470,25
temp,NA,471,25
temp,NA,472,25
temp,NA,473,25
temp,NA,474,25
temp,NA,475,25
temp,NA,476,25
temp,NA,477,25
temp,NA,478,25
temp,NA,479,25
temp,NA,480,25
temp,NA,481,25
temp,NA,482,25
temp,NA,483,25
temp,NA,484,25
temp,NA,485,25
temp,NA,486,25
temp,NA,487,25
temp,NA,488,25
temp,NA,489,25
temp,NA,490,25
temp,NA,491,25
temp,NA,492,25
temp,NA,493,25
temp,NA,494,25
temp,NA,495,25
temp,NA,496,25
temp,NA,497,25
temp,NA,498,25
temp,NA,499,25
temp,NA,500,25
temp,NA,501,25
temp,NA,502,25
temp,NA,503,25
temp,NA,504,25
temp,NA,505,25
temp,NA,506,25
temp,NA,507,25
temp,NA,508,25
temp,NA,509,25
temp,NA,510,25
temp,NA,511,25
temp,NA,512,25
temp,NA,513,25
temp,NA,514,25
temp,NA,515,25
temp,NA,516,25
temp,NA,517,25
temp,NA,518,25
temp,NA,519,25
temp,NA,520,25
temp,NA,521,25
temp,NA,522,25
temp,NA,523,25
temp,NA,524,25
temp,NA,525,25
temp,NA,526,25
temp,NA,527,25
temp,NA,528,25
temp,NA,529,25
temp,NA,530,25
temp,NA,531,25
temp,NA,532,25
temp,NA,533,25
temp,NA,534,25
temp,NA,535,25
temp,NA,536,25
temp,NA,537,25
temp,NA,538,25
temp,NA,539,25
temp,NA,540,25
temp,NA,541,25
temp,NA,542,25
temp,NA,543,25
temp,NA,544,25
temp,NA,545,25
temp,NA,546,25
temp,NA,547,25
temp,NA,548,25
temp,NA,549,25
temp,NA,550,25
temp,NA,551,25
temp,NA,552,25
temp,NA,553,25
temp,NA,554,25
temp,NA,555,25
temp,NA,556,25
temp,NA,557,25
temp,NA,558,25
temp,NA,559,25
temp,NA,560,25
temp,NA,561,25
temp,NA,562,25
temp,NA,563,25
temp,NA,564,25
temp,NA,565,25
temp,NA,566,25
temp,NA,567,25
temp,NA,568,25
temp,NA,569,25
temp,NA,570,25
temp,NA,571,25
temp,NA,572,25
temp,NA,573,25
temp,NA,574,25
temp,NA,575,25
temp,NA,576,25
temp,NA,577,25
temp,NA,578,25
temp,NA,579,25
temp,NA,580,25
temp,NA,581,25
temp,NA,582,25
temp,NA,583,25
temp,NA,584,25
temp,NA,585,25
temp,NA,586,25
temp,NA,587,25
temp,NA,588,25
temp,NA,589,25
temp,NA,590,25
temp,NA,591,25
temp,NA,592,25
temp,NA,593,25
temp,NA,594,25
temp,NA,595,25
temp,NA,596,25
temp,NA,597,25
temp,NA,598,25
temp,NA,599,25
temp,NA,600,25
temp,NA,601,25
temp,NA,602,25
temp,NA,603,25
temp,NA,604,25
temp,NA,605,25
temp,NA,606,25
temp,NA,607,25
temp,NA,608,25
temp,NA,609,25
temp,NA,610,25
temp,NA,611,25
temp,NA,612,25
temp,NA,613,25
temp,NA,614,25
temp,NA,615,25
temp,NA,616,25
temp,NA,617,25
temp,NA,618,25
temp,NA,619,25
temp,NA,620,25
temp,NA,621,25
temp,NA,622,25
temp,NA,623,25
temp,NA,624,25
temp,NA,625,25
temp,NA,626,25
temp,NA,627,25
temp,NA,628,25
temp,NA,629,25
temp,NA,630,25
temp,NA,631,25
temp,NA,632,25
temp,NA,633,25
temp,NA,634,25
temp,NA,635,25
temp,NA,636,25
temp,NA,637,25
temp,NA,638,25
temp,NA,639,25
temp,NA,640,25
temp,NA,641,25
temp,NA,642,25
temp,NA,643,25
temp,NA,644,25
temp,NA,645,25
temp,NA,646,25
temp,NA,647,25
temp,NA,648,25
temp,NA,649,25
temp,NA,650,25
temp,NA,651,25
temp,NA,652,25
temp,NA,653,25
temp,NA,654,25
temp,NA,655,25
temp,NA,656,25
temp,NA,657,25
temp,NA,658,25
temp,NA,659,25
temp,NA,660,25
temp,NA,661,25
temp,NA,662,25
temp,NA,663,25
temp,NA,664,25
temp,NA,665,25
temp,NA,666,25
temp,NA,667,25
temp,NA,668,25
temp,NA,669,25
temp,NA,670,25
temp,NA,671,25
temp,NA,672,25
temp,NA,673,25
temp,NA,674,25
temp,NA,675,25
temp,NA,676,25
temp,NA,677,25
temp,NA,678,25
temp,NA,679,25
temp,NA,680,25
temp,NA,681,25
temp,NA,682,25
temp,NA,683,25
temp,NA,684,25
temp,NA,685,25
temp,NA,686,25
temp,NA,687,25
temp,NA,688,25
temp,NA,689,25
temp,NA,690,25
temp,NA,691,25
temp,NA,692,25
temp,NA,693,25
temp,NA,694,25
temp,NA,695,25
temp,NA,696,25
temp,NA,697,25
temp,NA,698,25
temp,NA,699,25
temp,NA,700,25
temp,NA,701,25
temp,NA,702,25
temp,NA,703,25
temp,NA,704,25
temp,NA,705,25
temp,NA,706,25
temp,NA,707,25
temp,NA,708,25
temp,NA,709,25
temp,NA,710,25
temp,NA,711,25
temp,NA,712,25
temp,NA,713,25
temp,NA,714,25
temp,NA,715,25
temp,NA,716,25
temp,NA,717,25
temp,NA,718,25
temp,NA,719,25
temp,NA,720,25
temp,NA,721,25
temp,NA,722,25
temp,NA,723,25
temp,NA,724,25
temp,NA,725,25
temp,NA,726,25
temp,NA,727,25
temp,NA,728,25
temp,NA,729,25
temp,NA,730,25
temp,NA,731,25
temp,NA,732,25
temp,NA,733,25
temp,NA,734,25
temp,NA,735,25
temp,NA,736,25
temp,NA,737,25
temp,NA,738,25
temp,NA,739,25
temp,NA,740,25
temp,NA,741,25
temp,NA,742,25
temp,NA,743,25
temp,NA,744,25
temp,NA,745,25
temp,NA,746,25
temp,NA,747,25
temp,NA,748,25
temp,NA,749,25
temp,NA,750,25
temp,NA,751,25
temp,NA,752,25
temp,NA,753,25
temp,NA,754,25
temp,NA,755,25
temp,NA,756,25
temp,NA,757,25
temp,NA,758,25
temp,NA,759,25
temp,NA,760,25
temp,NA,761,25
temp,NA,762,25
temp,NA,763,25
temp,NA,764,25
temp,NA,765,25
temp,NA,766,25
temp,NA,767,25
temp,NA,768,25
temp,NA,769,25
temp,NA,770,25
temp,NA,771,25
temp,NA,772,25
temp,NA,773,25
temp,NA,774,25
temp,NA,775,25
temp,NA,776,25
temp,NA,777,25
temp,NA,778,25
temp,NA,779,25
temp,NA,780,25
temp,NA,781,25
temp,NA,782,25
temp,NA,783,25
temp,NA,784,25
temp,NA,785,25
temp,NA,786,25
temp,NA,787,25
temp,NA,788,25
temp,NA,789,25
temp,NA,790,25
temp,NA,791,25
temp,NA,792,25
temp,NA,793,25
temp,NA,794,25
temp,NA,795,25
temp,NA,796,25
temp,NA,797,25
temp,NA,798,25
temp,NA,799,25
temp,NA,800,25
temp,NA,801,25
temp,NA,802,25
temp,NA,803,25
temp,NA,804,25
temp,NA,805,25
temp,NA,806,25
temp,NA,807,25
temp,NA,808,25
temp,NA,809,25
temp,NA,810,25
temp,NA,811,25
temp,NA,812,25
temp,NA,813,25
temp,NA,814,25
temp,NA,815,25
temp,NA,816,25
temp,NA,817,25
temp,NA,818,25
temp,NA,819,25
temp,NA,820,25
temp,NA,821,25
temp,NA,822,25
temp,NA,823,25
temp,NA,824,25
temp,NA,825,25
temp,NA,826,25
temp,NA,827,25
temp,NA,828,25
temp,NA,829,25
temp,NA,830,25
temp,NA,831,25
temp,NA,832,25
temp,NA,833,25
temp,NA,834,25
temp,NA,835,25
temp,NA,836,25
temp,NA,837,25
temp,NA,838,25
temp,NA,839,25
temp,NA,840,25
temp,NA,841,25
temp,NA,842,25
temp,NA,843,25
temp,NA,844,25
temp,NA,845,25
temp,NA,846,25
temp,NA,847,25
temp,NA,848,25
temp,NA,849,25
temp,NA,850,25
temp,NA,851,25
temp,NA,852,25
temp,NA,853,25
temp,NA,854,25
temp,NA,855,25
temp,NA,856,25
temp,NA,857,25
temp,NA,858,25
temp,NA,859,25
temp,NA,860,25
temp,NA,861,25
temp,NA,862,25
temp,NA,863,25
temp,NA,864,25
temp,NA,865,25
temp,NA,866,25
temp,NA,867,25
temp,NA,868,25
temp,NA,869,25
temp,NA,870,25
temp,NA,871,25
temp,NA,872,25
temp,NA,873,25
temp,NA,874,25
temp,NA,875,25
temp,NA,876,25
temp,NA,877,25
temp,NA,878,25
temp,NA,879,25
temp,NA,880,25
temp,NA,881,25
temp,NA,882,25
temp,NA,883,25
temp,NA,884,25
temp,NA,885,25
temp,NA,886,25
temp,NA,887,25
temp,NA,888,25
temp,NA,889,25
temp,NA,890,25
temp,NA,891,25
temp,NA,892,25
temp,NA,893,25
temp,NA,894,25
temp,NA,895,25
temp,NA,896,25
temp,NA,897,25
temp,NA,898,25
temp,NA,899,25
temp,NA,900,25
temp,NA,901,25
temp,NA,902,25
temp,NA,903,25
temp,NA,904,25
temp,NA,905,25
temp,NA,906,25
temp,NA,907,25
temp,NA,908,25
temp,NA,909,25
temp,NA,910,25
temp,NA,911,25
temp,NA,912,25
temp,NA,913,25
temp,NA,914,25
temp,NA,915,25
temp,NA,916,25
temp,NA,917,25
temp,NA,918,25
temp,NA,919,25
temp,NA,920,25
temp,NA,921,25
temp,NA,922,25
temp,NA,923,25
temp,NA,924,25
temp,NA,925,25
temp,NA,926,25
temp,NA,927,25
temp,NA,928,25
temp,NA,929,25
temp,NA,930,25
temp,NA,931,25
temp,NA,932,25
temp,NA,933,25
temp,NA,934,25
temp,NA,935,25
temp,NA,936,25
temp,NA,937,25
temp,NA,938,25
temp,NA,939,25
temp,NA,940,25
temp,NA,941,25
temp,NA,942,25
temp,NA,943,25
temp,NA,944,25
temp,NA,945,25
temp,NA,946,25
temp,NA,947,25
temp,NA,948,25
temp,NA,949,25
temp,NA,950,25
temp,NA,951,25
temp,NA,952,25
temp,NA,953,25
temp,NA,954,25
temp,NA,955,25
temp,NA,956,25
temp,NA,957,25
temp,NA,958,25
temp,NA,959,25
temp,NA,960,25
temp,NA,961,25
temp,NA,962,25
temp,NA,963,25
temp,NA,964,25
temp,NA,965,25
temp,NA,966,25
temp,NA,967,25
temp,NA,968,25
temp,NA,969,25
temp,NA,970,25
temp,NA,971,25
temp,NA,972,25
temp,NA,973,25
temp,NA,974,25
temp,NA,975,25
temp,NA,976,25
temp,NA,977,25
temp,NA,978,25
temp,NA,979,25
temp,NA,980,25
temp,NA,981,25
temp,NA,982,25
temp,NA,983,25
temp,NA,984,25
temp,NA,985,25
temp,NA,986,25
temp,NA,987,25
temp,NA,988,25
temp,NA,989,25
temp,NA,990,25
temp,NA,991,25
temp,NA,992,25
temp,NA,993,25
temp,NA,994,25
temp,NA,995,25
temp,NA,996,25
temp,NA,997,25
temp,NA,998,25
temp,NA,999,25
temp,NA,1000,25
temp,NA,1001,25
temp,NA,1002,25
temp,NA,1003,25
temp,NA,1004,25
temp,NA,1005,25
temp,NA,1006,25
temp,NA,1007,25
temp,NA,1008,25
temp,NA,1009,25
temp,NA,1010,25
temp,NA,1011,25
temp,NA,1012,25
temp,NA,1013,25
temp,NA,1014,25
temp,NA,1015,25
temp,NA,1016,25
temp,NA,1017,25
temp,NA,1018,25
temp,NA,1019,25
temp,NA,1020,25
temp,NA,1021,25
temp,NA,1022,25
temp,NA,1023,25
temp,NA,1024,25
temp,NA,1025,25
temp,NA,1026,25
temp,NA,1027,25
temp,NA,1028,25
temp,NA,1029,25
temp,NA,1030,25
temp,NA,1031,25
temp,NA,1032,25
temp,NA,1033,25
temp,NA,1034,25
temp,NA,1035,25
temp,NA,1036,25
temp,NA,1037,25
temp,NA,1038,25
temp,NA,1039,25
temp,NA,1040,25
temp,NA,1041,25
temp,NA,1042,25
temp,NA,1043,25
temp,NA,1044,25
temp,NA,1045,25
temp,NA,1046,25
temp,NA,1047,25
temp,NA,1048,25
temp,NA,1049,25
temp,NA,1050,25
temp,NA,1051,25
temp,NA,1052,25
temp,NA,1053,25
temp,NA,1054,25
temp,NA,1055,25
temp,NA,1056,25
temp,NA,1057,25
temp,NA,1058,25
temp,NA,1059,25
temp,NA,1060,25
temp,NA,1061,25
temp,NA,1062,25
temp,NA,1063,25
temp,NA,1064,25
temp,NA,1065,25
temp,NA,1066,25
temp,NA,1067,25
temp,NA,1068,25
temp,NA,1069,25
temp,NA,1070,25
temp,NA,1071,25
temp,NA,1072,25
temp,NA,1073,25
temp,NA,1074,25
temp,NA,1075,25
temp,NA,1076,25
temp,NA,1077,25
temp,NA,1078,25
temp,NA,1079,25
temp,NA,1080,25
temp,NA,1081,25
temp,NA,1082,25
temp,NA,1083,25
temp,NA,1084,25
temp,NA,1085,25
temp,NA,1086,25
temp,NA,1087,25
temp,NA,1088,25
temp,NA,1089,25
temp,NA,1090,25
temp,NA,1091,25
temp,NA,1092,25
temp,NA,1093,25
temp,NA,1094,25
temp,NA,1095,25
temp,NA,1096,25
temp,NA,1097,25
temp,NA,1098,25
temp,NA,1099,25
temp,NA,1100,25
temp,NA,1101,25
temp,NA,1102,25
temp,NA,1103,25
temp,NA,1104,25
temp,NA,1105,25
temp,NA,1106,25
temp,NA,1107,25
temp,NA,1108,25
temp,NA,1109,25
temp,NA,1110,25
temp,NA,1111,25
temp,NA,1112,25
temp,NA,1113,25
temp,NA,1114,25
temp,NA,1115,25
temp,NA,1116,25
temp,NA,1117,25
temp,NA,1118,25
temp,NA,1119,25
temp,NA,1120,25
temp,NA,1121,25
temp,NA,1122,25
temp,NA,1123,25
temp,NA,1124,25
temp,NA,1125,25
temp,NA,1126,25
temp,NA,1127,25
temp,NA,1128,25
temp,NA,1129,25
temp,NA,1130,25
temp,NA,1131,25
temp,NA,1132,25
temp,NA,1133,25
temp,NA,1134,25
temp,NA,1135,25
temp,NA,1136,25
temp,NA,1137,25
temp,NA,1138,25
temp,NA,1139,25
temp,NA,1140,25
temp,NA,1141,25
temp,NA,1142,25
temp,NA,1143,25
temp,NA,1144,25
temp,NA,1145,25
temp,NA,1146,25
temp,NA,1147,25
temp,NA,1148,25
temp,NA,1149,25
temp,NA,1150,25
temp,NA,1151,25
temp,NA,1152,25
temp,NA,1153,25
temp,NA,1154,25
temp,NA,1155,25
temp,NA,1156,25
temp,NA,1157,25
temp,NA,1158,25
temp,NA,1159,25
temp,NA,1160,25
temp,NA,1161,25
temp,NA,1162,25
temp,NA,1163,25
temp,NA,1164,25
temp,NA,1165,25
temp,NA,1166,25
temp,NA,1167,25
temp,NA,1168,25
temp,NA,1169,25
temp,NA,1170,25
temp,NA,1171,25
temp,NA,1172,25
temp,NA,1173,25
temp,NA,1174,25
temp,NA,1175,25
temp,NA,1176,25
temp,NA,1177,25
temp,NA,1178,25
temp,NA,1179,25
temp,NA,1180,25
temp,NA,1181,25
temp,NA,1182,25
temp,NA,1183,25
temp,NA,1184,25
temp,NA,1185,25
temp,NA,1186,25
temp,NA,1187,25
temp,NA,1188,25
temp,NA,1189,25
temp,NA,1190,25
temp,NA,1191,25
temp,NA,1192,25
temp,NA,1193,25
temp,NA,1194,25
temp,NA,1195,25
temp,NA,1196,25
temp,NA,1197,25
temp,NA,1198,25
temp,NA,1199,25
temp,NA,1200,25
temp,NA,1201,25
temp,NA,1202,25
temp,NA,1203,25
temp,NA,1204,25
temp,NA,1205,25
temp,NA,1206,25
temp,NA,1207,25
temp,NA,1208,25
temp,NA,1209,25
temp,NA,1210,25
temp,NA,1211,25
temp,NA,1212,25
temp,NA,1213,25
temp,NA,1214,25
temp,NA,1215,25
temp,NA,1216,25
temp,NA,1217,25
temp,NA,1218,25
temp,NA,1219,25
temp,NA,1220,25
temp,NA,1221,25
temp,NA,1222,25
temp,NA,1223,25
temp,NA,1224,25
temp,NA,1225,25
temp,NA,1226,25
temp,NA,1227,25
temp,NA,1228,25
temp,NA,1229,25
temp,NA,1230,25
temp,NA,1231,25
temp,NA,1232,25
temp,NA,1233,25
temp,NA,1234,25
temp,NA,1235,25
temp,NA,1236,25
temp,NA,1237,25
temp,NA,1238,25
temp,NA,1239,25
temp,NA,1240,25
temp,NA,1241,25
temp,NA,1242,25
temp,NA,1243,25
temp,NA,1244,25
temp,NA,1245,25
temp,NA,1246,25
temp,NA,1247,25
temp,NA,1248,25
temp,NA,1249,25
temp,NA,1250,25
temp,NA,1251,25
temp,NA,1252,25
temp,NA,1253,25
temp,NA,1254,25
temp,NA,1255,25
temp,NA,1256,25
temp,NA,1257,25
temp,NA,1258,25
temp,NA,1259,25
temp,NA,1260,25
temp,NA,1261,25
temp,NA,1262,25
temp,NA,1263,25
temp,NA,1264,25
temp,NA,1265,25
temp,NA,1266,25
temp,NA,1267,25
temp,NA,1268,25
temp,NA,1269,25
temp,NA,1270,25
temp,NA,1271,25
temp,NA,1272,25
temp,NA,1273,25
temp,NA,1274,25
temp,NA,1275,25
temp,NA,1276,25
temp,NA,1277,25
temp,NA,1278,25
temp,NA,1279,25
temp,NA,1280,25
temp,NA,1281,25
temp,NA,1282,25
temp,NA,1283,25
temp,NA,1284,25
temp,NA,1285,25
temp,NA,1286,25
temp,NA,1287,25
temp,NA,1288,25
temp,NA,1289,25
temp,NA,1290,25
temp,NA,1291,25
temp,NA,1292,25
temp,NA,1293,25
temp,NA,1294,25
temp,NA,1295,25
temp,NA,1296,25
temp,NA,1297,25
temp,NA,1298,25
temp,NA,1299,25
temp,NA,1300,25
temp,NA,1301,25
temp,NA,1302,25
temp,NA,1303,25
temp,NA,1304,25
temp,NA,1305,25
temp,NA,1306,25
temp,NA,1307,25
temp,NA,1308,25
temp,NA,1309,25
temp,NA,1310,25
temp,NA,1311,25
temp,NA,1312,25
temp,NA,1313,25
temp,NA,1314,25
temp,NA,1315,25
temp,NA,1316,25
temp,NA,1317,25
temp,NA,1318,25
temp,NA,1319,25
temp,NA,1320,25
temp,NA,1321,25
temp,NA,1322,25
temp,NA,1323,25
temp,NA,1324,25
temp,NA,1325,25
temp,NA,1326,25
temp,NA,1327,25
temp,NA,1328,25
temp,NA,1329,25
temp,NA,1330,25
temp,NA,1331,25
temp,NA,1332,25
temp,NA,1333,25
temp,NA,1334,25
temp,NA,1335,25
temp,NA,1336,25
temp,NA,1337,25
temp,NA,1338,25
temp,NA,1339,25
temp,NA,1340,25
temp,NA,1341,25
temp,NA,1342,25
temp,NA,1343,25
temp,NA,1344,25
temp,NA,1345,25
temp,NA,1346,25
temp,NA,1347,25
temp,NA,1348,25
temp,NA,1349,25
temp,NA,1350,25
temp,NA,1351,25
temp,NA,1352,25
temp,NA,1353,25
temp,NA,1354,25
temp,NA,1355,25
temp,NA,1356,25
temp,NA,1357,25
temp,NA,1358,25
temp,NA,1359,25
temp,NA,1360,25
temp,NA,1361,25
temp,NA,1362,25
temp,NA,1363,25
temp,NA,1364,25
temp,NA,1365,25
temp,NA,1366,25
temp,NA,1367,25
temp,NA,1368,25
temp,NA,1369,25
temp,NA,1370,25
temp,NA,1371,25
temp,NA,1372,25
temp,NA,1373,25
temp,NA,1374,25
temp,NA,1375,25
temp,NA,1376,25
temp,NA,1377,25
temp,NA,1378,25
temp,NA,1379,25
temp,NA,1380,25
temp,NA,1381,25
temp,NA,1382,25
temp,NA,1383,25
temp,NA,1384,25
temp,NA,1385,25
temp,NA,1386,25
temp,NA,1387,25
temp,NA,1388,25
temp,NA,1389,25
temp,NA,1390,25
temp,NA,1391,25
temp,NA,1392,25
temp,NA,1393,25
temp,NA,1394,25
temp,NA,1395,25
temp,NA,1396,25
temp,NA,1397,25
temp,NA,1398,25
temp,NA,1399,25
temp,NA,1400,25
temp,NA,1401,25
temp,NA,1402,25
temp,NA,1403,25
temp,NA,1404,25
temp,NA,1405,25
temp,NA,1406,25
temp,NA,1407,25
temp,NA,1408,25
temp,NA,1409,25
temp,NA,1410,25
temp,NA,1411,25
temp,NA,1412,25
temp,NA,1413,25
temp,NA,1414,25
temp,NA,1415,25
temp,NA,1416,25
temp,NA,1417,25
temp,NA,1418,25
temp,NA,1419,25
temp,NA,1420,25
temp,NA,1421,25
temp,NA,1422,25
temp,NA,1423,25
temp,NA,1424,25
temp,NA,1425,25
temp,NA,1426,25
temp,NA,1427,25
temp,NA,1428,25
temp,NA,1429,25
temp,NA,1430,25
temp,NA,1431,25
temp,NA,1432,25
temp,NA,1433,25
temp,NA,1434,25
temp,NA,1435,25
temp,NA,1436,25
temp,NA,1437,25
temp,NA,1438,25
temp,NA,1439,25
temp,NA,1440,25
temp,NA,1441,25
temp,NA,1442,25
temp,NA,1443,25
temp,NA,1444,25
temp,NA,1445,25
temp,NA,1446,25
temp,NA,1447,25
temp,NA,1448,25
temp,NA,1449,25
temp,NA,1450,25
temp,NA,1451,25
temp,NA,1452,25
temp,NA,1453,25
temp,NA,1454,25
temp,NA,1455,25
temp,NA,1456,25
temp,NA,1457,25
temp,NA,1458,25
temp,NA,1459,25
temp,NA,1460,25
temp,NA,1461,25
temp,NA,1462,25
temp,NA,1463,25
temp,NA,1464,25
temp,NA,1465,25
temp,NA,1466,25
temp,NA,1467,25
temp,NA,1468,25
temp,NA,1469,25
temp,NA,1470,25
temp,NA,1471,25
temp,NA,1472,25
temp,NA,1473,25
temp,NA,1474,25
temp,NA,1475,25
temp,NA,1476,25
temp,NA,1477,25
temp,NA,1478,25
temp,NA,1479,25
temp,NA,1480,25
temp,NA,1481,25
temp,NA,1482,25
temp,NA,1483,25
temp,NA,1484,25
temp,NA,1485,25
temp,NA,1486,25
temp,NA,1487,25
temp,NA,1488,25
temp,NA,1489,25
temp,NA,1490,25
temp,NA,1491,25
temp,NA,1492,25
temp,NA,1493,25
temp,NA,1494,25
temp,NA,1495,25
temp,NA,1496,25
temp,NA,1497,25
temp,NA,1498,25
temp,NA,1499,25
temp,NA,1500,25
temp,NA,1501,25
temp,NA,1502,25
temp,NA,1503,25
temp,NA,1504,25
temp,NA,1505,25
temp,NA,1506,25
temp,NA,1507,25
temp,NA,1508,25
temp,NA,1509,25
temp,NA,1510,25
temp,NA,1511,25
temp,NA,1512,25
temp,NA,1513,25
temp,NA,1514,25
temp,NA,1515,25
temp,NA,1516,25
temp,NA,1517,25
temp,NA,1518,25
temp,NA,1519,25
temp,NA,1520,25
temp,NA,1521,25
temp,NA,1522,25
temp,NA,1523,25
temp,NA,1524,25
temp,NA,1525,25
temp,NA,1526,25
temp,NA,1527,25
temp,NA,1528,25
temp,NA,1529,25
temp,NA,1530,25
temp,NA,1531,25
temp,NA,1532,25
temp,NA,1533,25
temp,NA,1534,25
temp,NA,1535,25
temp,NA,1536,25
temp,NA,1537,25
temp,NA,1538,25
temp,NA,1539,25
temp,NA,1540,25
temp,NA,1541,25
temp,NA,1542,25
temp,NA,1543,25
temp,NA,1544,25
temp,NA,1545,25
temp,NA,1546,25
temp,NA,1547,25
temp,NA,1548,25
temp,NA,1549,25
temp,NA,1550,25
temp,NA,1551,25
temp,NA,1552,25
temp,NA,1553,25
temp,NA,1554,25
temp,NA,1555,25
temp,NA,1556,25
temp,NA,1557,25
temp,NA,1558,25
temp,NA,1559,25
temp,NA,1560,25
temp,NA,1561,25
temp,NA,1562,25
temp,NA,1563,25
temp,NA,1564,25
temp,NA,1565,25
